journal,year,command,count
xps,2019,regress,362
xps,2018,regress,218
xps,2017,regress,180
xps,2017,svy:regress,51
xps,2018,ologit,28
xps,2017,svy:logit,25
xps,2018,probit,22
xps,2017,logit,17
xps,2018,mlogit,13
xps,2018,logit,13
xps,2018,outreg,12
xps,2019,xtreg,12
xps,2019,mlogit,10
xps,2019,anova,7
xps,2019,xttobit,7
xps,2017,ivreg2,7
xps,2019,logit,6
xps,2017,anova,5
xps,2018,oprobit,4
xps,2018,xtreg,4
xps,2018,areg,4
xps,2017,xtreg,4
xps,2018,poisson,3
xps,2019,tobit,3
xps,2018,dprobit2,2
xps,2019,ologit,2
xps,2017,tobit,2
xps,2017,mlogit,2
xps,2017,mixed,2
xps,2019,probit,1
xps,2019,oprobit,1
xps,2019,xtmixed,1
xps,2019,xtlogit,1
xps,2019,gsem,1
xps,2017,estsimp,1
xps,2017,impute,1
xps,2017,ologit,1
JPublicPolicy,2017,reghdfe,212
JPublicPolicy,2018,xtreg,100
JPublicPolicy,2018,regress,97
JPublicPolicy,2018,poisson,68
JPublicPolicy,2018,heckman,67
JPublicPolicy,2018,logit,46
JPublicPolicy,2019,nbreg,32
JPublicPolicy,2017,regress,32
JPublicPolicy,2018,ologit,31
JPublicPolicy,2016,xtpcse,30
JPublicPolicy,2017,newey,29
JPublicPolicy,2016,logit,25
JPublicPolicy,2018,xtgls,24
JPublicPolicy,2017,xtnbreg,22
JPublicPolicy,2019,regress,18
JPublicPolicy,2017,xtpcse,18
JPublicPolicy,2018,nbreg,17
JPublicPolicy,2018,probit,15
JPublicPolicy,2018,gologit2,12
JPublicPolicy,2017,meologit,11
JPublicPolicy,2018,gnbreg,10
JPublicPolicy,2019,logit,8
JPublicPolicy,2019,estsimp,8
JPublicPolicy,2016,regress,8
JPublicPolicy,2017,logit,8
JPublicPolicy,2019,ologit,6
JPublicPolicy,2018,meologit,5
JPublicPolicy,2019,poisson,5
JPublicPolicy,2018,xtprobit,3
JPublicPolicy,2018,tobit,3
JPublicPolicy,2016,xtreg,3
JPublicPolicy,2017,xtregar,3
JPublicPolicy,2018,oprobit,2
JPublicPolicy,2018,xtpcse,2
JPublicPolicy,2018,mlogit,2
JPublicPolicy,2019,gnbreg,2
JPublicPolicy,2016,etregress,2
JPublicPolicy,2019,anova,1
BJPolS,2017,regress,1414
BJPolS,2018,regress,657
BJPolS,2017,xtreg,312
BJPolS,2016,xtreg,249
BJPolS,2017,stcox,230
BJPolS,2016,xtabond2,223
BJPolS,2017,xtpcse,180
BJPolS,2018,xtpcse,176
BJPolS,2018,logit,168
BJPolS,2017,logit,165
BJPolS,2015,regress,152
BJPolS,2017,ologit,144
BJPolS,2017,xtabond,116
BJPolS,2019,xtmixed,108
BJPolS,2019,xtreg,106
BJPolS,2017,nbreg,105
BJPolS,2017,rdrobust,99
BJPolS,2015,xtnbreg,97
BJPolS,2019,logit,96
BJPolS,2018,stcox,86
BJPolS,2018,xtreg,83
BJPolS,2016,regress,77
BJPolS,2017,mixed,72
BJPolS,2017,meologit,67
BJPolS,2017,outreg,64
BJPolS,2015,areg,63
BJPolS,2017,melogit,49
BJPolS,2018,oprobit,47
BJPolS,2018,probit,47
BJPolS,2017,probit,47
BJPolS,2016,logit,46
BJPolS,2017,sem,46
BJPolS,2016,svy:regress,44
BJPolS,2015,logit,43
BJPolS,2019,regress,41
BJPolS,2017,xtmelogit,41
BJPolS,2019,probit,38
BJPolS,2018,xtivreg2,37
BJPolS,2019,areg,35
BJPolS,2017,newey,35
BJPolS,2018,xtmixed,24
BJPolS,2018,clogit,23
BJPolS,2015,xtreg,22
BJPolS,2017,glm,22
BJPolS,2015,svy:regress,21
BJPolS,2015,streg,20
BJPolS,2017,areg,20
BJPolS,2017,mlogit,20
BJPolS,2017,xtmixed,18
BJPolS,2015,xtlogit,17
BJPolS,2017,gllamm,16
BJPolS,2016,xtmixed,15
BJPolS,2017,version:mlogit,14
BJPolS,2017,oprobit,12
BJPolS,2017,ivregress,12
BJPolS,2017,xtlogit,12
BJPolS,2018,nbreg,11
BJPolS,2016,probit,11
BJPolS,2017,xtgee,11
BJPolS,2017,clogit,10
BJPolS,2015,gsem,9
BJPolS,2019,rd,9
BJPolS,2017,xtdpd,9
BJPolS,2017,mprobit,9
BJPolS,2018,edvreg,8
BJPolS,2018,heckprob,8
BJPolS,2018,firthlogit,8
BJPolS,2019,tobit,8
BJPolS,2016,areg,8
BJPolS,2017,bootstrap:indireff,8
BJPolS,2015,estsimp,7
BJPolS,2017,reg3hdfe,7
BJPolS,2015,ologit,6
BJPolS,2015,clogit,6
BJPolS,2018,ologit,6
BJPolS,2018,estsimp,6
BJPolS,2017,xtgls,6
BJPolS,2017,cmp,6
BJPolS,2016,xtologit,5
BJPolS,2016,mixed,5
BJPolS,2017,xtologit,5
BJPolS,2015,xtmelogit,4
BJPolS,2019,nbreg,4
BJPolS,2019,heckman,4
BJPolS,2016,relogit,4
BJPolS,2016,ivreg2,4
BJPolS,2016,xtivreg2,4
BJPolS,2016,svy:logit,4
BJPolS,2015,probit,3
BJPolS,2015,relogit,3
BJPolS,2018,bootstrap:cmp,3
BJPolS,2018,cmp,3
BJPolS,2018,gllamm,3
BJPolS,2019,melogit,3
BJPolS,2016,estsimp,3
BJPolS,2016,xtlogit,3
BJPolS,2017,estsimp,3
BJPolS,2017,tobit,3
BJPolS,2017,impute,3
BJPolS,2017,btscs,3
BJPolS,2015,hetprob,2
BJPolS,2015,sureg,2
BJPolS,2018,impute,2
BJPolS,2018,xtivreg,2
BJPolS,2018,sem,2
BJPolS,2018,mlogit,2
BJPolS,2019,bootstrap:xtmixed,2
BJPolS,2016,rd,2
BJPolS,2016,ivregress,2
BJPolS,2017,rd,2
BJPolS,2017,poisson,2
BJPolS,2017,version:logit,2
BJPolS,2017,version:probit,2
BJPolS,2017,arima,2
BJPolS,2017,ivreg2,2
BJPolS,2015,reg3,1
BJPolS,2015,impute,1
BJPolS,2018,tobit,1
BJPolS,2018,areg,1
BJPolS,2018,pscore,1
BJPolS,2018,mprobit,1
BJPolS,2019,rdrobust,1
BJPolS,2019,DCdensity,1
ipsr-risp,2017,regress,195
ipsr-risp,2016,regress,88
ipsr-risp,2017,logit,58
ipsr-risp,2018,logit,54
ipsr-risp,2015,regress,24
ipsr-risp,2016,xtmixed,16
ipsr-risp,2018,regress,15
ipsr-risp,2018,glm,14
ipsr-risp,2015,xtmixed,11
ipsr-risp,2016,xtmelogit,11
ipsr-risp,2018,xtreg,7
ipsr-risp,2016,logit,7
ipsr-risp,2018,sem,6
ipsr-risp,2019,xtreg,6
ipsr-risp,2017,clogit,6
ipsr-risp,2018,xtgee,4
ipsr-risp,2019,xtpcse,4
ipsr-risp,2019,outreg,4
ipsr-risp,2016,mlogit,4
ipsr-risp,2016,nbreg,4
ipsr-risp,2016,xtreg,4
ipsr-risp,2017,ologit,4
ipsr-risp,2017,mlogit,4
ipsr-risp,2018,xtgls,3
ipsr-risp,2019,xtlogit,2
ipsr-risp,2018,xtpcse,1
ipsr-risp,2018,xtmixed,1
polbehavior,2018,regress,624
polbehavior,2017,regress,429
polbehavior,2018,logit,412
polbehavior,2018,sureg,268
polbehavior,2019,regress,228
polbehavior,2017,clogit,208
polbehavior,2016,regress,158
polbehavior,2015,regress,117
polbehavior,2019,areg,97
polbehavior,2018,ologit,83
polbehavior,2019,mixed,75
polbehavior,2019,logit,67
polbehavior,2016,logit,66
polbehavior,2018,xtmixed,55
polbehavior,2018,svy:logit,54
polbehavior,2018,xtreg,54
polbehavior,2018,interflex,48
polbehavior,2019,xtreg,43
polbehavior,2017,logit,32
polbehavior,2019,ologit,31
polbehavior,2016,ologit,28
polbehavior,2018,xtlogit,27
polbehavior,2018,mlogit,24
polbehavior,2018,oprobit,23
polbehavior,2017,xtmelogit,23
polbehavior,2015,outreg,21
polbehavior,2017,xtmixed,21
polbehavior,2018,asclogit,15
polbehavior,2018,probit,15
polbehavior,2019,probit,15
polbehavior,2018,anova,14
polbehavior,2016,areg,14
polbehavior,2017,ologit,14
polbehavior,2018,mixed,13
polbehavior,2019,melogit,13
polbehavior,2018,svy:regress,12
polbehavior,2017,xtreg,12
polbehavior,2017,tobit,12
polbehavior,2018,melogit,9
polbehavior,2016,probit,9
polbehavior,2016,svy:regress,9
polbehavior,2015,probit,8
polbehavior,2018,gsem,8
polbehavior,2016,svy:ologit,8
polbehavior,2016,svy:logit,8
polbehavior,2015,logit,7
polbehavior,2018,meologit,7
polbehavior,2018,tobit,7
polbehavior,2019,oprob,7
polbehavior,2015,oprobit,6
polbehavior,2018,meqrpoisson,6
polbehavior,2018,areg,6
polbehavior,2019,meologit,6
polbehavior,2019,svy:sem,6
polbehavior,2019,stcox,6
polbehavior,2016,ivregress,6
polbehavior,2017,mixed,6
polbehavior,2017,areg,6
polbehavior,2017,mlogit,5
polbehavior,2015,xtlogit,4
polbehavior,2015,xtreg,4
polbehavior,2018,sem,4
polbehavior,2018,poisson,4
polbehavior,2018,relogit,4
polbehavior,2019,ivreg2,4
polbehavior,2019,poisson,4
polbehavior,2016,mlogit,4
polbehavior,2016,glm,4
polbehavior,2015,svy:regress,3
polbehavior,2018,svy:mprobit,3
polbehavior,2016,svy:probit,3
polbehavior,2015,mlogit,2
polbehavior,2018,xtmelogit,2
polbehavior,2018,clogit,2
polbehavior,2018,mprobit,2
polbehavior,2018,svy:ologit,2
polbehavior,2018,logistic,2
polbehavior,2019,mlogit,2
polbehavior,2016,oprobit,2
polbehavior,2016,estsimp,2
polbehavior,2016,xtmixed,2
polbehavior,2017,melogit,2
polbehavior,2017,menbreg,2
polbehavior,2015,sureg,1
polbehavior,2018,ivregress,1
polbehavior,2018,nbreg,1
polbehavior,2018,menbreg,1
polbehavior,2018,xtnbreg,1
polbehavior,2019,nbreg,1
polbehavior,2019,bootstrap:xtlogit,1
polbehavior,2019,bootstrap:xtnbreg,1
polbehavior,2016,xtreg,1
polbehavior,2017,anova,1
polbehavior,2017,meologit,1
ajps,2015,regress,1765
ajps,2018,regress,506
ajps,2017,regress,431
ajps,2019,xtreg,379
ajps,2015,logit,295
ajps,2015,xtreg,261
ajps,2016,regress,243
ajps,2016,logit,237
ajps,2015,mlogit,231
ajps,2016,dprobit,200
ajps,2017,ml,199
ajps,2018,xtreg,198
ajps,2015,ologit,161
ajps,2019,regress,148
ajps,2015,svy:regress,125
ajps,2016,nl,113
ajps,2015,probit,112
ajps,2016,ivreg2,103
ajps,2015,xtlogit,100
ajps,2015,areg,96
ajps,2015,nbreg,93
ajps,2015,ivreg2,84
ajps,2019,xtregar,84
ajps,2018,logit,78
ajps,2015,streg,76
ajps,2014,svy:regress,75
ajps,2015,edvreg,72
ajps,2018,xtlogit,61
ajps,2019,xtivreg2,60
ajps,2015,estsimp,59
ajps,2015,nestreg:logit,54
ajps,2015,gologit2,52
ajps,2015,xtabond2,51
ajps,2015,xtpcse,50
ajps,2015,gllamm,49
ajps,2016,relogitll,49
ajps,2016,relogit,47
ajps,2019,probit,46
ajps,2016,probit,45
ajps,2017,svy:regress,45
ajps,2015,tobit,44
ajps,2015,bootstrap:cmp,43
ajps,2017,logit,43
ajps,2017,reghdfe,39
ajps,2015,mprobit,37
ajps,2017,xtmixed,37
ajps,2015,sureg,36
ajps,2018,stcox,35
ajps,2015,xtmelogit,33
ajps,2018,svy:logit,33
ajps,2018,mixed,31
ajps,2015,nestreg:mlogit,29
ajps,2016,logistic,28
ajps,2017,xtreg,28
ajps,2016,ologit,27
ajps,2015,psmatch2,26
ajps,2015,xtmixed,25
ajps,2015,biprobit,24
ajps,2015,ivregress,23
ajps,2018,probit,23
ajps,2018,oprobit,22
ajps,2017,glm,21
ajps,2017,sureg,21
ajps,2017,clogit,21
ajps,2015,oprobit,20
ajps,2015,omodel,20
ajps,2018,melogit,20
ajps,2015,btscs,19
ajps,2019,melogit,18
ajps,2018,mlogit,17
ajps,2017,ologit,17
ajps,2015,nestreg:regress,16
ajps,2018,xtmelogit,16
ajps,2018,areg,16
ajps,2018,ivreg2,16
ajps,2016,nbreg,16
ajps,2016,estsimp,16
ajps,2017,probit,15
ajps,2015,outreg,14
ajps,2015,xtabond,14
ajps,2015,svy:mlogit,14
ajps,2015,poisson,14
ajps,2015,nestreg:ologit,13
ajps,2015,xtnbreg,13
ajps,2015,xtivreg2,13
ajps,2019,logit,13
ajps,2016,varsoc,13
ajps,2015,stcox,12
ajps,2015,ivprobit,12
ajps,2015,xtregar,12
ajps,2018,xtologit,12
ajps,2018,svy:ologit,12
ajps,2017,mleval,12
ajps,2015,cmp,11
ajps,2014,xtreg,10
ajps,2015,var,10
ajps,2015,vargranger,10
ajps,2015,tlogit,10
ajps,2015,bootstrap:ivregress,8
ajps,2015,sartsel,8
ajps,2018,xttobit,8
ajps,2018,sem,8
ajps,2018,ivregress,8
ajps,2016,sem,8
ajps,2017,mlsum,8
ajps,2017,DCdensity,8
ajps,2015,qreg,7
ajps,2015,eivreg,7
ajps,2018,svy:regress,7
ajps,2019,xtmixed,7
ajps,2019,mixed,7
ajps,2016,xtmelogit,7
ajps,2016,xtmixed,7
ajps,2018,xtmixed,6
ajps,2019,ivreg2,6
ajps,2016,xtreg,6
ajps,2016,mixed,6
ajps,2017,mlogit,6
ajps,2017,oprobit,6
ajps,2017,meologit,6
ajps,2015,heckman,5
ajps,2015,two_side,5
ajps,2015,svy:oprobit,5
ajps,2019,ivregress,5
ajps,2019,oprobit,5
ajps,2016,bootstrap:indireff,5
ajps,2016,bootstrap:indireffhat,5
ajps,2017,nbreg,5
ajps,2017,estsimp,5
ajps,2014,cgmreg,4
ajps,2014,xtmixed,4
ajps,2014,regress,4
ajps,2015,ivreg,4
ajps,2015,anova,4
ajps,2015,xtivreg,4
ajps,2015,impute,4
ajps,2015,relogit,4
ajps,2015,xttobit,4
ajps,2015,xtgee,4
ajps,2015,bootstrap:regress,4
ajps,2015,xtprobit,4
ajps,2018,ologit,4
ajps,2018,meologit,4
ajps,2019,tobit,4
ajps,2019,svy:logit,4
ajps,2016,zinb,4
ajps,2016,bootstrap:mixed,4
ajps,2017,areg,4
ajps,2015,nestreg:oprobit,3
ajps,2015,DCdensity,3
ajps,2015,countfit,3
ajps,2019,xtabond2,3
ajps,2016,tobit,3
ajps,2016,sureg,3
ajps,2017,svy:probit,3
ajps,2015,zinb,2
ajps,2018,psmatch2,2
ajps,2018,rd,2
ajps,2018,rdrobust,2
ajps,2018,impute,2
ajps,2018,interflex,2
ajps,2016,rd,2
ajps,2016,xtlogit,2
ajps,2016,xtpoisson,2
ajps,2017,impute,2
ajps,2014,oprobit,1
ajps,2015,svy:logit,1
ajps,2015,svy:ologit,1
ajps,2015,xtgls,1
ajps,2015,reg3,1
ajps,2015,clogit,1
ajps,2015,rc_spline,1
ajps,2018,rollreg,1
ajps,2018,pscore,1
ajps,2018,DCdensity,1
ajps,2018,xtivreg,1
ajps,2019,impute,1
ajps,2019,svy:regress,1
ajps,2016,DCdensity,1
ajps,2016,mlogit,1
economics,2016,xtabond2,121
economics,2019,xtreg,75
economics,2018,tobit,57
economics,2015,regress,49
economics,2016,xtreg,48
economics,2017,outreg,34
economics,2017,ivreg2,32
economics,2016,xtpcse,30
economics,2016,regress,23
economics,2018,ivreg2,16
economics,2018,regress,14
economics,2017,regress,14
economics,2017,ivprobit,14
economics,2014,regress,13
economics,2017,probit,12
economics,2019,probit,11
economics,2018,areg,10
economics,2015,xtmixed,8
economics,2018,ivregress,7
economics,2013,cnsreg,7
economics,2016,bootstrap:regress,7
economics,2019,ivregress,6
economics,2017,xtreg,6
economics,2016,oprobit,4
economics,2016,gologit2,4
economics,2016,probit,4
economics,2017,tobit,4
economics,2015,rreg,2
economics,2015,qreg,2
economics,2015,heckman,2
economics,2019,psmatch2,2
economics,2017,ologit,2
economics,2017,ivtobit,2
economics,2015,xtreg,1
economics,2018,probit,1
economics,2018,psmatch2,1
economics,2013,regress,1
economics,2017,xtpcse,1
jhr,2016,xtreg,124
jhr,2016,regress,72
jhr,2015,xtgls,60
jhr,2016,melogit,32
jhr,2016,ologit,30
jhr,2018,mixed,26
jhr,2016,ivreg2,24
jhr,2015,newey,19
jhr,2016,meologit,16
jhr,2016,zinb,10
jhr,2015,ivregress,8
jhr,2014,ologit,7
jhr,2014,xtpcse,6
jhr,2016,mlogit,6
jhr,2018,regress,4
jhr,2017,xtnbreg,3
jhr,2015,regress,1
jhr,2017,regress,1
jhr,2017,xtmixed,1
jop,2018,regress,1391
jop,2017,regress,1102
jop,2019,rdrobust,812
jop,2019,regress,711
jop,2017,xtreg,591
jop,2018,xtreg,522
jop,2015,regress,520
jop,2015,logit,448
jop,2018,probit,380
jop,2016,regress,364
jop,2018,mlogit,348
jop,2019,reghdfe,260
jop,2018,logit,244
jop,2017,logit,200
jop,2017,areg,176
jop,2018,oprobit,174
jop,2019,areg,148
jop,2016,logit,137
jop,2015,xtreg,119
jop,2018,areg,114
jop,2018,xtpcse,110
jop,2016,xtivreg2,110
jop,2017,probit,109
jop,2018,ivreg,108
jop,2016,ivregress,108
jop,2018,ml,105
jop,2016,areg,99
jop,2015,ologit,93
jop,2017,ivreg2,93
jop,2015,rdrobust,91
jop,2019,xtreg,85
jop,2018,cgmreg,84
jop,2018,reghdfe,82
jop,2019,logit,80
jop,2017,ologit,75
jop,2018,ologit,74
jop,2018,svy:oprobit,72
jop,2015,svy:oprobit,71
jop,2018,meqrlogit,66
jop,2018,melogit,65
jop,2017,stcox,63
jop,2015,xtmelogit,58
jop,2019,nbreg,54
jop,2019,edvreg,54
jop,2017,outreg,54
jop,2015,stcox,53
jop,2015,sem,50
jop,2015,gsem,48
jop,2019,rd,46
jop,2015,ivregress,43
jop,2016,probit,41
jop,2018,clogit,39
jop,2017,xtpcse,38
jop,2018,svy:regress,37
jop,2018,stcox,37
jop,2016,ologit,37
jop,2015,probit,36
jop,2016,xtreg,36
jop,2015,areg,35
jop,2015,ml,35
jop,2015,streg,34
jop,2018,mixed,34
jop,2017,nbreg,34
jop,2016,ivreg,33
jop,2017,xtivreg2,30
jop,2015,svy:regress,29
jop,2018,impute,29
jop,2018,ivregress,29
jop,2016,xtmixed,28
jop,2016,outreg,28
jop,2015,nbreg,27
jop,2016,cgmreg,27
jop,2016,poisson,27
jop,2018,glm,24
jop,2018,streg,24
jop,2018,sem,24
jop,2019,xtlogit,24
jop,2016,xtabond,24
jop,2019,xtpcse,23
jop,2016,rdrobust,22
jop,2018,estsimp,21
jop,2019,xtmixed,21
jop,2019,ologit,20
jop,2018,xtivreg2,19
jop,2018,outreg,19
jop,2019,glm,18
jop,2019,xtnbreg,18
jop,2015,meologit,17
jop,2017,mixed,17
jop,2018,psmatch2,16
jop,2018,xtlogit,16
jop,2016,zinb,16
jop,2017,tobit,16
jop,2017,reghdfe,16
jop,2015,xtlogit,15
jop,2015,ivreg2,15
jop,2018,meprobit,14
jop,2019,bootstrap:ologit,14
jop,2016,stcox,14
jop,2016,psmatch2,14
jop,2017,xtlogit,14
jop,2017,xtmelogit,14
jop,2019,bootstrap:regress,13
jop,2016,nbreg,13
jop,2016,bootstrap:reghdfe,13
jop,2017,anova,13
jop,2018,eivreg,12
jop,2019,gmm,12
jop,2016,reghdfe,12
jop,2017,oprobit,12
jop,2015,mlogit,11
jop,2018,ivreg2,11
jop,2016,gllamm,11
jop,2017,ivregress,11
jop,2017,glm,11
jop,2018,tobit,10
jop,2018,mixlogit,10
jop,2019,mlogit,10
jop,2016,xtgls,10
jop,2017,estsimp,10
jop,2018,ivprobit,9
jop,2019,mixed,9
jop,2019,zinb,9
jop,2016,mlogit,9
jop,2016,bootstrap:xtreg,9
jop,2016,xtpcse,9
jop,2017,ml,9
jop,2017,heckprob,9
jop,2018,svy:probit,8
jop,2019,xtmelogit,8
jop,2019,eivreg,8
jop,2016,cgmlogit,8
jop,2016,glm,8
jop,2015,xtivreg2,7
jop,2015,anova,7
jop,2018,gologit2,7
jop,2018,xtmixed,7
jop,2016,ivreg2,7
jop,2016,estsimp,7
jop,2017,sureg,7
jop,2015,impute,6
jop,2018,dprobit,6
jop,2018,meoprobit,6
jop,2018,xtabond2,6
jop,2019,estsimp,6
jop,2019,interflex,6
jop,2019,melogit,6
jop,2019,sem,6
jop,2016,bootstrap:regress,6
jop,2016,rd,6
jop,2016,ivprobit,6
jop,2017,impute,6
jop,2015,clogit,5
jop,2015,psmatch2,4
jop,2015,xtnbreg,4
jop,2015,heckprob,4
jop,2015,glm,4
jop,2018,nbreg,4
jop,2018,meologit,4
jop,2019,ivregress,4
jop,2016,firthlogit,4
jop,2016,xtprobit,4
jop,2016,xtnbreg,4
jop,2017,xtmixed,4
jop,2015,ivprobit,3
jop,2015,mprobit,3
jop,2018,heckprobit,3
jop,2018,btscs,3
jop,2019,rologit,3
jop,2016,impute,3
jop,2015,btscs,2
jop,2015,biprobit,2
jop,2018,sureg,2
jop,2018,xtgls,2
jop,2018,heckman,2
jop,2018,xtabond,2
jop,2019,bootstrap:logit,2
jop,2019,DCdensity,2
jop,2016,mprobit,2
jop,2016,xtabond2,2
jop,2017,streg,2
jop,2017,relogit,2
jop,2017,mlogit,2
jop,2015,DCdensity,1
jop,2015,xtmixed,1
jop,2015,svy:mlogit,1
jop,2015,svy:probit,1
jop,2015,heckman,1
jop,2015,heckprobit,1
jop,2018,DCdensity,1
jop,2018,interflex,1
jop,2018,heckprob,1
jop,2019,clogit,1
jop,2019,svy:regress,1
jop,2019,svy:logit,1
jop,2019,nl,1
jop,2016,clogit,1
jop,2017,poisson,1
jop,2017,ivprobit,1
jop,2017,tlogit,1
jop,2017,meqrlogit,1
PSRM,2016,regress,479
PSRM,2016,ologit,417
PSRM,2016,xtreg,356
PSRM,2015,regress,221
PSRM,2014,regress,170
PSRM,2019,xtreg,154
PSRM,2016,areg,133
PSRM,2018,regress,112
PSRM,2013,outreg,91
PSRM,2019,regress,90
PSRM,2013,regress,84
PSRM,2013,ml,84
PSRM,2015,biprobit,83
PSRM,2017,regress,83
PSRM,2016,logit,80
PSRM,2018,xtivreg2,78
PSRM,2017,xtpcse,72
PSRM,2017,xtmixed,63
PSRM,2016,xtpcse,62
PSRM,2017,probit,58
PSRM,2018,logit,55
PSRM,2017,xtreg,54
PSRM,2015,nbreg,53
PSRM,2015,oprobit,52
PSRM,2014,xtreg,49
PSRM,2016,nbreg,49
PSRM,2016,svy:regress,42
PSRM,2019,logit,41
PSRM,2015,logit,38
PSRM,2016,ml,36
PSRM,2017,mlogit,36
PSRM,2015,xtreg,35
PSRM,2019,tobit,32
PSRM,2016,xtlogit,32
PSRM,2016,mlogit,31
PSRM,2017,logit,31
PSRM,2016,svy:probit,30
PSRM,2016,heckman,24
PSRM,2016,melogit,24
PSRM,2018,xtreg,23
PSRM,2016,xtmelogit,22
PSRM,2018,ologit,21
PSRM,2016,svy:logit,20
PSRM,2015,areg,19
PSRM,2013,xtreg,19
PSRM,2016,meqrlogit,18
PSRM,2016,rd,18
PSRM,2014,xtpcse,16
PSRM,2015,ml,16
PSRM,2015,glm,15
PSRM,2016,estsimp,15
PSRM,2016,oprobit,15
PSRM,2016,tobit,15
PSRM,2014,logit,14
PSRM,2014,impute,14
PSRM,2014,anova,14
PSRM,2016,ivregress,13
PSRM,2016,xtregar,13
PSRM,2018,probit,12
PSRM,2013,oprob,12
PSRM,2017,spreg,12
PSRM,2016,probit,11
PSRM,2014,tobit,10
PSRM,2014,areg,10
PSRM,2015,stcox,10
PSRM,2017,tobit,10
PSRM,2016,xtprobit,9
PSRM,2016,gllamm,9
PSRM,2015,ivregress,8
PSRM,2018,stcox,8
PSRM,2016,clogit,8
PSRM,2016,xttobit,8
PSRM,2018,mlogit,7
PSRM,2015,mlogit,6
PSRM,2015,svy:mlogit,6
PSRM,2018,firthlogit,6
PSRM,2018,ivreg2,6
PSRM,2016,xtgls,6
PSRM,2015,svy:regress,5
PSRM,2018,gologit2,5
PSRM,2016,relogit,5
PSRM,2017,ologit,5
PSRM,2015,bootstrap:regress,4
PSRM,2015,bootstrap:xtreg,4
PSRM,2015,ologit,4
PSRM,2018,anova,4
PSRM,2013,tobit,4
PSRM,2019,rdrobust,4
PSRM,2016,xtabond,4
PSRM,2016,zinb,4
PSRM,2017,xtologit,4
PSRM,2017,xtgls,4
PSRM,2017,xtregar,4
PSRM,2015,clogit,3
PSRM,2015,svy:logit,3
PSRM,2015,probit,3
PSRM,2018,ivregress,3
PSRM,2018,betareg,3
PSRM,2019,ivreg2,3
PSRM,2016,meologit,3
PSRM,2016,mixlogit,3
PSRM,2016,var,3
PSRM,2016,outreg,3
PSRM,2017,clogit,3
PSRM,2017,relogit,3
PSRM,2017,gllamm,3
PSRM,2014,probit,2
PSRM,2015,streg,2
PSRM,2015,zinb,2
PSRM,2013,heckman,2
PSRM,2019,relogit,2
PSRM,2016,ivreg,2
PSRM,2016,intreg,2
PSRM,2016,oprob,2
PSRM,2016,impute,2
PSRM,2016,heckprobit,2
PSRM,2017,meologit,2
PSRM,2017,estsimp,2
PSRM,2015,poisson,1
PSRM,2015,estsimp,1
PSRM,2018,streg,1
PSRM,2018,xtlogit,1
PSRM,2016,btscs,1
PSRM,2016,rreg,1
PSRM,2016,mixed,1
PSRM,2017,sureg,1
PSRM,2017,reg3,1
PSRM,2017,oprobit,1
PSRM,2017,rc_spline,1
the_review,2018,regress,900
the_review,2019,regress,387
the_review,2019,xtreg,286
the_review,2017,regress,261
the_review,2018,areg,260
the_review,2017,ivregress,209
the_review,2018,logit,158
the_review,2016,regress,153
the_review,2018,estsimp,151
the_review,2018,dprobit,119
the_review,2018,xtreg,104
the_review,2017,xtreg,104
the_review,2017,ivreg2,92
the_review,2017,probit,73
the_review,2018,xtivreg2,69
the_review,2018,psmatch2,55
the_review,2015,regress,50
the_review,2013,logit,45
the_review,2013,ivregress,40
the_review,2018,xtmixed,39
the_review,2017,xtmixed,38
the_review,2018,probit,36
the_review,2011,logit,33
the_review,2018,rdrobust,32
the_review,2018,meologit,30
the_review,2017,areg,30
the_review,2018,mixed,28
the_review,2019,areg,26
the_review,2019,xtivreg2,26
the_review,2018,reghdfe,25
the_review,2018,xtmelogit,22
the_review,2019,tobit,22
the_review,2019,oprobit,20
the_review,2017,xtprobit,20
the_review,2016,xtreg,19
the_review,2017,estsimp,18
the_review,2018,melogit,17
the_review,2012,regress,17
the_review,2017,xtnbreg,17
the_review,2017,nbreg,17
the_review,2014,xtreg,15
the_review,2015,svy:regress,14
the_review,2018,tlogit,13
the_review,2016,mlogit,12
the_review,2015,ivreg2,11
the_review,2014,xtlogit,10
the_review,2018,svy:regress,10
the_review,2018,glm,10
the_review,2019,dprobit,10
the_review,2018,xtpcse,8
the_review,2018,reg2hdfespatial,8
the_review,2018,cgmlogit,8
the_review,2013,areg,8
the_review,2013,xtreg,8
the_review,2019,interflex,8
the_review,2016,ivreg2,8
the_review,2017,xtabond,8
the_review,2018,ivprobit,6
the_review,2018,nbreg,6
the_review,2018,xtpoisson,6
the_review,2018,oprobit,6
the_review,2016,dprobit,6
the_review,2013,probit,5
the_review,2017,ivprobit,5
the_review,2018,ologit,4
the_review,2018,cgmreg,4
the_review,2019,xtabond2,4
the_review,2016,estsimp,4
the_review,2016,biprobit,4
the_review,2017,logit,4
the_review,2017,bootstrap:ivreg2,4
the_review,2018,probit2,3
the_review,2018,DCdensity,3
the_review,2013,regress,3
the_review,2019,nbreg,3
the_review,2016,oprobit,3
the_review,2016,nbreg,3
the_review,2017,poisson,3
the_review,2017,xtpcse,3
the_review,2018,sureg,2
the_review,2018,ivreg2,2
the_review,2018,menbreg,2
the_review,2018,mepoisson,2
the_review,2018,firthlogit,2
the_review,2019,xtlogit,2
the_review,2016,logit,2
the_review,2017,version:probit,2
the_review,2017,version:streg,2
the_review,2017,version:stcox,2
the_review,2017,interflex,2
the_review,2017,ivtobit,2
the_review,2014,xtmelogit,1
the_review,2014,xtdpd,1
the_review,2014,xtregar,1
the_review,2015,xtreg,1
the_review,2015,outreg,1
the_review,2015,psmatch2,1
the_review,2018,xtlogit,1
the_review,2018,interflex,1
the_review,2018,relogit,1
the_review,2019,reghdfe,1
the_review,2016,relogit,1
the_review,2016,xtpoisson,1
the_review,2017,impute,1
the_review,2017,xtivreg,1
the_review,2017,DCdensity,1
the_review,2017,mlogit,1
the_review,2017,xtlogit,1
the_review,2017,tobit,1
restat,2014,regress,2133
restat,2015,regress,2015
restat,2018,regress,1935
restat,2013,regress,1430
restat,2012,regress,1427
restat,2017,regress,1340
restat,2014,ml,1200
restat,2018,areg,911
restat,2014,outreg,853
restat,2012,areg,747
restat,2014,areg,720
restat,2012,xtreg,708
restat,2015,areg,678
restat,2016,regress,540
restat,2019,regress,518
restat,2014,ivreg2,460
restat,2013,outreg,441
restat,2013,xtreg,441
restat,2014,xtreg,439
restat,2015,xtreg,361
restat,2012,outreg,344
restat,2016,areg,305
restat,2018,xtreg,297
restat,2018,outreg,274
restat,2013,areg,271
restat,2018,xtivreg2,269
restat,2014,ivreg,264
restat,2012,ivreg,259
restat,2017,areg,246
restat,2015,probit,202
restat,2019,rdrobust,195
restat,2018,reghdfe,189
restat,2014,cgmreg,186
restat,2017,xtreg,163
restat,2018,ivreg2,159
restat,2011,areg,153
restat,2019,ml,152
restat,2015,ivregress,150
restat,2012,xtabond,148
restat,2011,outreg,145
restat,2015,ivreg2,139
restat,2011,regress,139
restat,2013,ivreg,136
restat,2010,regress,135
restat,2012,ivreg2,132
restat,2012,xtivreg2,128
restat,2016,xtreg,115
restat,2018,dprobit,109
restat,2012,intreg,108
restat,2019,reghdfe,97
restat,2017,ivreg2,97
restat,2016,outreg,93
restat,2014,xtivreg2,91
restat,2012,cgmreg,88
restat,2019,areg,81
restat,2018,clogit,80
restat,2016,ivregress,78
restat,2018,ivregress,77
restat,2015,clogit,73
restat,2013,xtivreg2,72
restat,2011,ivreg,71
restat,2018,ivregress2,70
restat,2013,nl,69
restat,2015,outreg,64
restat,2017,dprobit,64
restat,2014,tobit,61
restat,2015,xtivreg2,60
restat,2013,dprobit,59
restat,2013,probit,58
restat,2016,ols_spatial_HAC,58
restat,2014,svy:regress,54
restat,2010,ivreg,54
restat,2013,ml,54
restat,2014,xtprobit,53
restat,2015,dprobit,53
restat,2017,logit,50
restat,2015,xtabond2,49
restat,2019,ivregress,45
restat,2014,qreg,44
restat,2018,ivreg28,44
restat,2015,ivreg,42
restat,2012,dprobit,41
restat,2014,probit,39
restat,2014,version:ml,39
restat,2015,logit,39
restat,2018,svy:regress,39
restat,2012,probit,39
restat,2019,xtreg,38
restat,2019,ivreg2,38
restat,2017,ml,38
restat,2016,reghdfe,37
restat,2010,xtreg,36
restat,2018,bootstrap:reghdfe,36
restat,2013,biprobit,35
restat,2014,dprobit,34
restat,2017,nl,34
restat,2019,probit,33
restat,2012,ivregress,33
restat,2014,intreg,32
restat,2014,xtabond2,32
restat,2013,ivregress,32
restat,2014,nbreg,31
restat,2017,ivregress,31
restat,2017,reg2hdfe,30
restat,2017,mixed,30
restat,2010,probit,28
restat,2012,var,28
restat,2016,heckman,28
restat,2014,glm,27
restat,2014,ivregress,27
restat,2015,qreg,27
restat,2018,ols_spatial_HAC,27
restat,2018,qreg,27
restat,2017,rd,27
restat,2011,xtreg,26
restat,2011,ivreg2,26
restat,2015,nl,25
restat,2012,vargranger,25
restat,2016,logit,25
restat,2014,streg,24
restat,2014,ivtobit,24
restat,2014,mleval,24
restat,2012,xtnbreg,24
restat,2012,xtabond2,24
restat,2015,biprobit,23
restat,2015,glm,23
restat,2017,reg3,22
restat,2018,xtivreg,21
restat,2013,heckman,21
restat,2016,sureg,21
restat,2016,reg2hdfe,21
restat,2014,heckman,20
restat,2014,spreg,20
restat,2010,areg,19
restat,2010,outreg,19
restat,2013,ologit,19
restat,2012,clogit,19
restat,2012,glm,19
restat,2017,psmatch2,19
restat,2018,reg2hdfespatial,18
restat,2013,oprobit,18
restat,2013,nbreg,18
restat,2016,probit,18
restat,2017,xtivreg,18
restat,2017,xtpoisson,18
restat,2013,ivreg2,17
restat,2017,xtivreg2,17
restat,2017,reghdfe,17
restat,2010,ivreg2,16
restat,2013,tobit,16
restat,2014,nl,15
restat,2018,zinb,15
restat,2013,xtabond2,15
restat,2019,intreg,15
restat,2014,reg3,14
restat,2014,arima,14
restat,2014,asclogit,14
restat,2013,newey,14
restat,2012,logit,14
restat,2012,ologit,14
restat,2013,ivtobit,13
restat,2016,clogit,13
restat,2015,xtivreg,12
restat,2015,reg2hdfe,12
restat,2018,probit,12
restat,2016,xtivreg,12
restat,2014,logit,11
restat,2014,oprobit,11
restat,2014,poisson,11
restat,2015,nbreg,11
restat,2018,logit,11
restat,2018,cgmreg,11
restat,2013,xtprobit,11
restat,2019,dprobit,11
restat,2017,probit,11
restat,2015,bootstrap:areg,10
restat,2015,stcox,10
restat,2013,cnreg,10
restat,2013,xtabond,10
restat,2014,clogit,9
restat,2014,ivprobit,9
restat,2010,xtlogit,9
restat,2015,cgmreg,9
restat,2013,logit,9
restat,2019,mlogit,9
restat,2016,xtivreg2,9
restat,2014,pscore,8
restat,2015,var,8
restat,2015,anova,8
restat,2015,ols_spatial_HAC,8
restat,2012,tobit,8
restat,2017,ivreg,8
restat,2014,bootstrap:xtreg,7
restat,2014,sureg,7
restat,2015,oprobit,7
restat,2018,svy:probit,7
restat,2016,dprobit,7
restat,2016,bootstrap:xtivreg,7
restat,2014,ivreg28,6
restat,2015,sureg,6
restat,2018,rdrobust,6
restat,2018,poisson,6
restat,2013,mlogit,6
restat,2013,stcox,6
restat,2012,biprobit,6
restat,2012,nl,6
restat,2012,cnreg,6
restat,2016,stcox,6
restat,2016,qreg,6
restat,2015,poisson,5
restat,2018,nbreg,5
restat,2011,heckman,5
restat,2011,x_ols,5
restat,2012,xtlogit,5
restat,2012,reg3,5
restat,2012,xttobit,5
restat,2016,ologit,5
restat,2017,ivprobit,5
restat,2014,newey,4
restat,2014,biprobit,4
restat,2014,mlsum,4
restat,2010,xtabond2,4
restat,2015,bootstrap:psmatch2,4
restat,2015,psmatch2,4
restat,2015,xtabond,4
restat,2018,DCdensity,4
restat,2018,stcox,4
restat,2013,cmp,4
restat,2013,xtivreg,4
restat,2013,psmatch2,4
restat,2013,bootstrap:xtnbreg,4
restat,2013,svy:logit,4
restat,2013,cgmreg,4
restat,2019,var,4
restat,2019,vargranger,4
restat,2019,xtabond,4
restat,2012,oprob,4
restat,2012,mlogit,4
restat,2016,xtmixed,4
restat,2017,svy:regress,4
restat,2017,xtlogit,4
restat,2014,stcox,3
restat,2014,xtivreg,3
restat,2014,xttobit,3
restat,2010,logit,3
restat,2018,heckman,3
restat,2018,tobit,3
restat,2018,xtlogit,3
restat,2013,ivregress2,3
restat,2013,sureg,3
restat,2013,arima,3
restat,2012,qreg,3
restat,2012,poisson,3
restat,2014,xtlogit,2
restat,2014,gmm,2
restat,2010,newey,2
restat,2010,nbreg,2
restat,2010,heckman,2
restat,2015,logistic,2
restat,2015,cnsreg,2
restat,2015,gmm,2
restat,2015,newey,2
restat,2018,sem,2
restat,2018,my_ols_spatial_HAC,2
restat,2018,mprobit,2
restat,2018,psmatch2,2
restat,2018,asclogit,2
restat,2011,pscore,2
restat,2011,streg,2
restat,2011,tobit,2
restat,2011,rreg,2
restat,2013,varsoc,2
restat,2013,qreg,2
restat,2013,frontier,2
restat,2013,glm,2
restat,2012,varsoc,2
restat,2012,heckman,2
restat,2016,ivreg2,2
restat,2016,oprobit,2
restat,2016,newey,2
restat,2016,intreg,2
restat,2016,xtologit,2
restat,2017,poisson,2
restat,2017,clogit,2
restat,2014,ologit,1
restat,2014,mprobit,1
restat,2014,mlogit,1
restat,2014,cnreg,1
restat,2014,logistic,1
restat,2010,oprobit,1
restat,2010,xtnbreg,1
restat,2018,xtpoisson,1
restat,2018,rd,1
restat,2018,svy:ivregress,1
restat,2018,bootstrap:xtivreg2,1
restat,2011,stcox,1
restat,2011,probit,1
restat,2011,xtgee,1
restat,2011,qreg,1
restat,2013,poisson,1
restat,2013,bootstrap:eivreg,1
restat,2013,xtmixed,1
restat,2013,pscore,1
restat,2013,xtlogit,1
restat,2013,bootstrap:xtpoisson,1
restat,2013,clogit,1
restat,2019,psmatch2,1
restat,2012,cnsreg,1
restat,2012,xthtaylor,1
restat,2012,bootstrap:xthtaylor,1
restat,2012,xtivreg,1
restat,2012,newey,1
restat,2012,ivtobit,1
restat,2016,nl,1
restat,2016,xtabond2,1
restat,2016,ivprobit,1
restat,2016,xtlogit,1
restat,2016,tobit,1
restat,2017,boxcox,1
restat,2017,DCdensity,1
restat,2017,xtprobit,1
restat,2017,heckman,1
restat,2017,ivregress2,1
restat,2017,gmm,1
restat,2017,impute,1
pan,2011,regress,824
pan,2018,xtreg,662
pan,2011,xtreg,445
pan,2018,regress,425
pan,2011,xthtaylor,312
pan,2018,xtabond,252
pan,2014,regress,173
pan,2014,svy:regress,165
pan,2015,regress,151
pan,2014,svy:logit,134
pan,2018,xtregar,127
pan,2011,logit,79
pan,2017,regress,60
pan,2015,logit,38
pan,2010,regress,33
pan,2014,logit,22
pan,2011,stcox,21
pan,2011,xtgee,20
pan,2011,probit,19
pan,2014,qreg,16
pan,2015,ml,15
pan,2016,regress,15
pan,2010,oprobit,14
pan,2011,relogit,13
pan,2016,areg,13
pan,2014,ivregress,12
pan,2014,nl,12
pan,2010,ml,9
pan,2015,spreg,9
pan,2018,ivregress,8
pan,2016,logit,8
pan,2017,stcox,8
pan,2015,ivreg2,6
pan,2015,ivregress,6
pan,2016,nl,6
pan,2014,probit,5
pan,2015,probit,5
pan,2018,logit,5
pan,2018,xtpcse,5
pan,2011,nl,5
pan,2014,ivreg2,4
pan,2014,mixlogit,4
pan,2015,xtreg,4
pan,2018,ivreg,4
pan,2016,xtpcse,4
pan,2016,xtreg,4
pan,2016,xtivreg,4
pan,2014,estsimp,3
pan,2015,streg,3
pan,2018,areg,3
pan,2011,btscs,3
pan,2019,regress,3
pan,2014,xtmixed,2
pan,2010,biprobit,2
pan,2016,rdrobust,2
pan,2014,clogit,1
pan,2014,dprobit,1
pan,2018,mlogit,1
pan,2019,logit,1
pan,2016,ivregress,1
pan,2016,ivreg2,1
pan,2016,xtgee,1
pan,2017,btscs,1
pan,2017,probit,1
FPA,2016,regress,550
FPA,2016,xtreg,498
FPA,2016,logit,397
FPA,2016,xtpcse,87
FPA,2016,ologit,75
FPA,2016,relogit,49
FPA,2016,xtivreg2,42
FPA,2016,probit,41
FPA,2018,logit,38
FPA,2016,zinb,38
FPA,2017,logit,37
FPA,2016,nbreg,35
FPA,2016,xtgee,30
FPA,2010,xtlogit,24
FPA,2010,xtivreg2,20
FPA,2016,estsimp,20
FPA,2016,areg,18
FPA,2010,heckprob,15
FPA,2016,svy:logit,14
FPA,2010,relogit,12
FPA,2010,probit,11
FPA,2016,reg3,10
FPA,2016,cmp,9
FPA,2016,svy:mlogit,9
FPA,2010,mlogit,8
FPA,2016,heckman,8
FPA,2016,impute,8
FPA,2016,oprobit,7
FPA,2018,probit,6
FPA,2016,xttobit,6
FPA,2016,stcox,6
FPA,2016,anova,6
FPA,2010,logit,5
FPA,2016,poisson,5
FPA,2017,heckprob,5
FPA,2010,heckman,4
FPA,2010,outreg,3
FPA,2016,outreg,3
FPA,2018,stcox,2
FPA,2016,arch,2
FPA,2016,svy:probit,2
FPA,2016,tobit,2
FPA,2010,estsimp,1
FPA,2018,estsimp,1
FPA,2016,ivreg2,1
FPA,2016,mlogit,1
FPA,2016,hetprob,1
FPA,2016,biprobit,1
FPA,2016,heckprob,1
FPA,2016,btscs,1
qje,2018,regress,2697
qje,2018,areg,1124
qje,2017,regress,744
qje,2019,regress,513
qje,2016,regress,475
qje,2018,probit,275
qje,2017,xtreg,269
qje,2017,reghdfe,217
qje,2018,reghdfe,209
qje,2017,areg,192
qje,2019,areg,185
qje,2018,xtreg,165
qje,2019,reghdfe,135
qje,2018,heckman,96
qje,2018,dprobit,94
qje,2017,xtivreg2,84
qje,2017,outreg,81
qje,2018,ivreg2,78
qje,2018,fanreg,76
qje,2018,logit,72
qje,2019,logit,70
qje,2018,gmm,68
qje,2018,ivreg,65
qje,2017,meprobit,63
qje,2018,x_ols,62
qje,2018,mlogit,58
qje,2017,cnreg,57
qje,2018,bootstrap:regress,56
qje,2018,tobit,47
qje,2017,cgmreg,47
qje,2017,rdrobust,44
qje,2017,ivreg2,37
qje,2018,intreg,32
qje,2018,oprobit,32
qje,2018,qreg,30
qje,2017,gmm,25
qje,2019,ivregress,21
qje,2017,probit,19
qje,2019,xtreg,16
qje,2017,mixed,16
qje,2017,newey,15
qje,2019,meqrpoisson,12
qje,2017,qreg,12
qje,2018,var,10
qje,2019,ivreg,10
qje,2017,ivregress,9
qje,2018,ologit,8
qje,2018,bootstrap:qreg,6
qje,2018,newey,6
qje,2018,sureg,6
qje,2017,bootstrap:regress,6
qje,2018,xtivreg2,5
qje,2018,xtmixed,4
qje,2018,cnreg,4
qje,2018,oprob,4
qje,2018,psmatch2,4
qje,2018,pscore,4
qje,2017,bootstrap:qreg,4
qje,2016,dprobit,3
qje,2016,nbreg,3
qje,2017,xtivreg,3
qje,2018,bootstrap:probit,2
qje,2018,impute,2
qje,2018,xtprobit,2
qje,2018,arch,2
qje,2018,ivregress,2
qje,2018,DCdensity,2
qje,2019,ivreg2,2
qje,2017,tobit,2
qje,2017,reg2hdfe,2
qje,2017,xtabond2,1
qje,2017,nl,1
qje,2017,ols_spatial_HAC,1
qje,2017,ivreg,1
qje,2017,bootstrap:sureg,1
isq,2018,logit,1251
isq,2018,regress,1151
isq,2018,xtreg,1149
isq,2018,xtlogit,525
isq,2017,regress,513
isq,2019,xtreg,472
isq,2017,logit,432
isq,2018,tobit,345
isq,2018,xtpcse,335
isq,2018,stcox,319
isq,2018,probit,319
isq,2017,xtreg,246
isq,2017,probit,235
isq,2017,streg,217
isq,2017,stcox,194
isq,2018,mlogit,140
isq,2018,oprobit,140
isq,2018,nbreg,131
isq,2018,areg,120
isq,2007,logit,119
isq,2018,ologit,112
isq,2018,streg,98
isq,2017,xtgee,92
isq,2018,xtnbreg,89
isq,2019,regress,84
isq,2018,estsimp,81
isq,2017,xtpcse,80
isq,2018,xtgee,75
isq,2018,outreg,74
isq,2007,regress,64
isq,2017,xtprobit,56
isq,2017,psmatch2,56
isq,2017,oprobit,55
isq,2018,xtivreg2,53
isq,2017,estsimp,52
isq,2017,nbreg,52
isq,2018,firthlogit,49
isq,2018,poisson,48
isq,2018,newey,45
isq,2019,xtivreg2,45
isq,2007,xtpcse,44
isq,2008,outreg,42
isq,2019,logit,42
isq,2019,probit,42
isq,2017,xtregar,42
isq,2018,relogit,35
isq,2007,probit,34
isq,2008,ologit,34
isq,2018,ml,32
isq,2007,stcox,32
isq,2008,oprobit,32
isq,2018,heckprob,29
isq,2018,xtprobit,28
isq,2017,xtmixed,28
isq,2008,stcox,27
isq,2017,cmp,25
isq,2017,xtabond2,24
isq,2017,xtgls,24
isq,2017,xtlogit,23
isq,2017,glm,23
isq,2018,reg2hdfe,22
isq,2008,xtpcse,22
isq,2018,logistic,20
isq,2019,oprobit,19
isq,2017,xtivreg2,19
isq,2018,ivreg2,18
isq,2008,xtgee,18
isq,2017,tobit,18
isq,2018,xtivreg,17
isq,2018,glm,16
isq,2007,areg,16
isq,2008,regress,16
isq,2018,btscs,15
isq,2018,meqrlogit,15
isq,2017,heckman,15
isq,2018,reg3,14
isq,2018,cmp,14
isq,2017,gllamm,14
isq,2018,heckman,13
isq,2018,reghdfe,13
isq,2009,probit,12
isq,2018,biprobit,11
isq,2007,biprobit,10
isq,2008,xtgls,10
isq,2017,sem,10
isq,2007,btscs,9
isq,2019,zinb,9
isq,2018,xtabond2,8
isq,2018,xtmelogit,8
isq,2018,sureg,8
isq,2008,logit,8
isq,2009,estsimp,7
isq,2007,xtgee,7
isq,2017,clogit,7
isq,2017,ologit,7
isq,2018,powerreg,6
isq,2018,hetprob,6
isq,2018,psmatch2,6
isq,2018,xtmixed,6
isq,2009,xtpcse,6
isq,2007,xtnbreg,6
isq,2019,estsimp,6
isq,2017,mlogit,6
isq,2017,xtivreg,6
isq,2017,heckprobit,6
isq,2018,rologit,5
isq,2018,clogit,5
isq,2018,meoprobit,5
isq,2009,stcox,5
isq,2007,estsimp,5
isq,2007,xtlogit,5
isq,2007,heckprob,5
isq,2017,ivreg2,5
isq,2018,zinb,4
isq,2018,ivprobit,4
isq,2018,bootstrap:ologit,4
isq,2018,sem,4
isq,2009,oprobit,4
isq,2009,mlogit,4
isq,2008,xtregar,4
isq,2019,heckman,4
isq,2017,xtabond,4
isq,2017,areg,4
isq,2017,xtnbreg,4
isq,2017,relogit,4
isq,2018,xtpoisson,3
isq,2018,bootstrap:oprobit,3
isq,2008,streg,3
isq,2019,xtpcse,3
isq,2019,ologit,3
isq,2017,rreg,3
isq,2017,anova,3
isq,2017,heckprob,3
isq,2018,bootstrap:stcox,2
isq,2018,rc_spline,2
isq,2018,mprobit,2
isq,2009,regress,2
isq,2007,rreg,2
isq,2007,ivreg,2
isq,2008,xtlogit,2
isq,2017,btscs,2
isq,2017,bootstrap:xtmixed,2
isq,2017,impute,2
isq,2017,ivtobit,2
isq,2017,zinb,2
isq,2018,anova,1
isq,2018,xttobit,1
isq,2018,version:xtivreg2,1
isq,2018,bootstrap:psmatch2,1
isq,2018,xtgls,1
isq,2009,ivreg,1
isq,2009,heckprob,1
isq,2008,heckman,1
isq,2008,mlogit,1
isq,2019,stcox,1
isq,2017,reg3,1
isq,2017,outreg,1
isq,2017,ivreg,1
researchandpolitics,2016,regress,367
researchandpolitics,2015,regress,288
researchandpolitics,2019,regress,287
researchandpolitics,2016,probit,100
researchandpolitics,2014,regress,99
researchandpolitics,2017,logit,97
researchandpolitics,2016,logit,93
researchandpolitics,2017,regress,86
researchandpolitics,2017,nbreg,71
researchandpolitics,2015,nbreg,69
researchandpolitics,2014,streg,63
researchandpolitics,2014,xtpcse,62
researchandpolitics,2019,mlogit,62
researchandpolitics,2018,ivregress,52
researchandpolitics,2018,regress,39
researchandpolitics,2018,oprobit,34
researchandpolitics,2019,gllamm,33
researchandpolitics,2014,xtreg,32
researchandpolitics,2016,oprobit,32
researchandpolitics,2018,reghdfe,31
researchandpolitics,2015,xtmixed,30
researchandpolitics,2018,logit,30
researchandpolitics,2016,ologit,28
researchandpolitics,2016,impute,27
researchandpolitics,2018,xtreg,25
researchandpolitics,2018,mlogit,23
researchandpolitics,2018,xtlogit,19
researchandpolitics,2019,xtreg,18
researchandpolitics,2019,logit,18
researchandpolitics,2017,mlogit,18
researchandpolitics,2015,ologit,16
researchandpolitics,2017,stcox,16
researchandpolitics,2015,logit,15
researchandpolitics,2015,xtabond2,15
researchandpolitics,2016,stcox,15
researchandpolitics,2015,anova,14
researchandpolitics,2019,xtmixed,14
researchandpolitics,2016,streg,14
researchandpolitics,2014,xtmelogit,13
researchandpolitics,2014,tobit,13
researchandpolitics,2015,probit,13
researchandpolitics,2018,probit,13
researchandpolitics,2016,svy:regress,13
researchandpolitics,2015,xtmelogit,12
researchandpolitics,2019,heckprob,12
researchandpolitics,2016,anova,12
researchandpolitics,2014,mixed,11
researchandpolitics,2019,probit,11
researchandpolitics,2017,oprobit,11
researchandpolitics,2018,bootstrap:reghdfe,10
researchandpolitics,2019,outreg,10
researchandpolitics,2014,stcox,9
researchandpolitics,2017,ivprobit,9
researchandpolitics,2015,estsimp,8
researchandpolitics,2015,oprobit,8
researchandpolitics,2018,asclogit,8
researchandpolitics,2018,ologit,8
researchandpolitics,2016,svy:logit,8
researchandpolitics,2017,ologit,8
researchandpolitics,2014,clogit,7
researchandpolitics,2015,streg,7
researchandpolitics,2018,areg,7
researchandpolitics,2019,nbreg,7
researchandpolitics,2019,areg,7
researchandpolitics,2017,probit,7
researchandpolitics,2019,ologit,6
researchandpolitics,2016,svy:oprobit,6
researchandpolitics,2016,svy:probit,6
researchandpolitics,2016,melogit,6
researchandpolitics,2017,svy:regress,6
researchandpolitics,2014,xtmixed,5
researchandpolitics,2014,probit,5
researchandpolitics,2015,arima,5
researchandpolitics,2018,xtabond2,5
researchandpolitics,2019,xtnbreg,5
researchandpolitics,2019,mixed,5
researchandpolitics,2018,xtivreg2,4
researchandpolitics,2019,rdrobust,4
researchandpolitics,2016,svy:mlogit,4
researchandpolitics,2016,heckman,4
researchandpolitics,2016,mlogit,4
researchandpolitics,2017,svy:logit,4
researchandpolitics,2017,melogit,4
researchandpolitics,2015,outreg,3
researchandpolitics,2018,nbreg,3
researchandpolitics,2019,impute,3
researchandpolitics,2016,xtlogit,3
researchandpolitics,2018,estsimp,2
researchandpolitics,2018,anova,2
researchandpolitics,2016,estsimp,2
researchandpolitics,2017,svy:mlogit,2
researchandpolitics,2017,mixed,2
researchandpolitics,2017,poisson,2
researchandpolitics,2017,impute,2
researchandpolitics,2017,ivreg2,2
researchandpolitics,2017,zinb,2
researchandpolitics,2014,estsimp,1
researchandpolitics,2015,mprobit,1
researchandpolitics,2015,mlogit,1
researchandpolitics,2015,glm,1
researchandpolitics,2018,svy:oprobit,1
researchandpolitics,2018,xtpcse,1
researchandpolitics,2019,estsimp,1
researchandpolitics,2019,btscs,1
researchandpolitics,2019,xtpcse,1
researchandpolitics,2019,xtlogit,1
researchandpolitics,2019,sartsel,1
researchandpolitics,2016,meologit,1
researchandpolitics,2016,xthtaylor,1
researchandpolitics,2016,svy:gsem,1
researchandpolitics,2016,relogit,1
researchandpolitics,2016,sureg,1
researchandpolitics,2016,gllamm,1
researchandpolitics,2017,rd,1
internationalinteractions,2018,logit,486
internationalinteractions,2018,regress,396
internationalinteractions,2015,logit,337
internationalinteractions,2018,xtreg,300
internationalinteractions,2018,probit,295
internationalinteractions,2016,logit,156
internationalinteractions,2018,streg,131
internationalinteractions,2018,nbreg,129
internationalinteractions,2014,logit,112
internationalinteractions,2017,oprobit,110
internationalinteractions,2016,xtreg,107
internationalinteractions,2018,stcox,106
internationalinteractions,2015,probit,105
internationalinteractions,2018,xtabond2,98
internationalinteractions,2015,xtreg,88
internationalinteractions,2018,xtpcse,86
internationalinteractions,2012,stcox,79
internationalinteractions,2016,xtpcse,77
internationalinteractions,2013,arima,76
internationalinteractions,2013,logit,74
internationalinteractions,2016,regress,67
internationalinteractions,2013,xtreg,65
internationalinteractions,2018,xtivreg2,62
internationalinteractions,2012,regress,62
internationalinteractions,2015,estsimp,60
internationalinteractions,2018,cmp,60
internationalinteractions,2018,tobit,60
internationalinteractions,2012,probit,59
internationalinteractions,2017,xtgee,53
internationalinteractions,2018,newey,48
internationalinteractions,2013,regress,47
internationalinteractions,2018,xtlogit,45
internationalinteractions,2013,probit,45
internationalinteractions,2012,ivreg2,44
internationalinteractions,2014,heckprob,41
internationalinteractions,2012,outreg,40
internationalinteractions,2018,xtgee,39
internationalinteractions,2013,relogit,38
internationalinteractions,2013,nbreg,37
internationalinteractions,2013,estsimp,35
internationalinteractions,2013,zinb,34
internationalinteractions,2012,nbreg,34
internationalinteractions,2019,regress,33
internationalinteractions,2017,regress,32
internationalinteractions,2017,logit,32
internationalinteractions,2016,xtgls,31
internationalinteractions,2017,xtreg,30
internationalinteractions,2018,xtnbreg,28
internationalinteractions,2018,ologit,28
internationalinteractions,2018,svar,28
internationalinteractions,2014,probit,27
internationalinteractions,2018,relogit,26
internationalinteractions,2018,heckprob,26
internationalinteractions,2017,xttobit,26
internationalinteractions,2017,gologit2,25
internationalinteractions,2011,logit,24
internationalinteractions,2013,streg,24
internationalinteractions,2016,xtlogit,23
internationalinteractions,2010,logit,22
internationalinteractions,2012,oprobit,22
internationalinteractions,2018,spreg,21
internationalinteractions,2014,relogit,20
internationalinteractions,2018,estsimp,20
internationalinteractions,2011,probit,20
internationalinteractions,2014,xtreg,19
internationalinteractions,2018,xtmelogit,19
internationalinteractions,2012,streg,19
internationalinteractions,2010,stcox,18
internationalinteractions,2015,xtpcse,18
internationalinteractions,2012,logit,18
internationalinteractions,2017,mlogit,18
internationalinteractions,2011,streg,17
internationalinteractions,2019,probit,17
internationalinteractions,2019,xtreg,17
internationalinteractions,2012,biprobit,17
internationalinteractions,2015,nbreg,16
internationalinteractions,2013,btscs,16
internationalinteractions,2013,biprobit,16
internationalinteractions,2012,xtmixed,15
internationalinteractions,2018,poisson,14
internationalinteractions,2011,xtpcse,14
internationalinteractions,2013,xtnbreg,14
internationalinteractions,2016,nbreg,14
internationalinteractions,2017,zinb,14
internationalinteractions,2014,xtnbreg,13
internationalinteractions,2014,zinb,13
internationalinteractions,2014,xtgee,13
internationalinteractions,2015,regress,13
internationalinteractions,2015,stcox,13
internationalinteractions,2015,xtlogit,13
internationalinteractions,2018,xtgls,13
internationalinteractions,2011,stcox,13
internationalinteractions,2017,xtpcse,13
internationalinteractions,2018,logistic,12
internationalinteractions,2012,xtpcse,12
internationalinteractions,2016,ivregress,12
internationalinteractions,2017,tobit,12
internationalinteractions,2010,regress,11
internationalinteractions,2015,ivreg2,11
internationalinteractions,2018,interflex,11
internationalinteractions,2013,xtpcse,11
internationalinteractions,2019,xtregar,11
internationalinteractions,2016,probit,11
internationalinteractions,2018,zinb,10
internationalinteractions,2018,btscs,10
internationalinteractions,2018,reg3,10
internationalinteractions,2016,oprobit,10
internationalinteractions,2017,ologit,10
internationalinteractions,2017,melogit,10
internationalinteractions,2015,biprobit,9
internationalinteractions,2015,tobit,9
internationalinteractions,2015,ologit,8
internationalinteractions,2018,var,8
internationalinteractions,2018,ivregress,8
internationalinteractions,2018,ml,8
internationalinteractions,2018,xtabond,8
internationalinteractions,2013,ivreg2,8
internationalinteractions,2013,newey,8
internationalinteractions,2017,probit,8
internationalinteractions,2017,mixed,8
internationalinteractions,2016,xtgee,7
internationalinteractions,2015,relogit,6
internationalinteractions,2018,oprobit,6
internationalinteractions,2018,biprobit,6
internationalinteractions,2018,xtregar,6
internationalinteractions,2018,impute,6
internationalinteractions,2013,var,6
internationalinteractions,2013,vargranger,6
internationalinteractions,2019,cmp,6
internationalinteractions,2014,regress,5
internationalinteractions,2010,nbreg,5
internationalinteractions,2015,poisson,5
internationalinteractions,2018,sureg,5
internationalinteractions,2012,estsimp,5
internationalinteractions,2012,xtlogit,5
internationalinteractions,2015,xtnbreg,4
internationalinteractions,2015,sureg,4
internationalinteractions,2018,mlogit,4
internationalinteractions,2018,glm,4
internationalinteractions,2018,melogit,4
internationalinteractions,2018,xtivreg,4
internationalinteractions,2018,hetprob,4
internationalinteractions,2013,stcox,4
internationalinteractions,2013,oprobit,4
internationalinteractions,2016,cmp,4
internationalinteractions,2010,probit,3
internationalinteractions,2010,heckprob,3
internationalinteractions,2010,estsimp,3
internationalinteractions,2010,btscs,3
internationalinteractions,2015,heckprob,3
internationalinteractions,2018,hetregress,3
internationalinteractions,2018,bootstrap:xtreg,3
internationalinteractions,2018,reg3hdfe,3
internationalinteractions,2011,estsimp,3
internationalinteractions,2012,btscs,3
internationalinteractions,2012,ologit,3
internationalinteractions,2012,xtreg,3
internationalinteractions,2015,streg,2
internationalinteractions,2015,btscs,2
internationalinteractions,2015,sartsel,2
internationalinteractions,2015,xtprobit,2
internationalinteractions,2018,ivpoisson,2
internationalinteractions,2013,varsoc,2
internationalinteractions,2016,zinb,2
internationalinteractions,2014,ologit,1
internationalinteractions,2010,xtreg,1
internationalinteractions,2015,bootstrap:stcox,1
internationalinteractions,2015,mlogit,1
internationalinteractions,2015,reg3,1
internationalinteractions,2018,heckprobit,1
internationalinteractions,2018,gmm,1
internationalinteractions,2018,omodel,1
internationalinteractions,2018,gologit2,1
internationalinteractions,2018,ivreg2,1
internationalinteractions,2011,regress,1
internationalinteractions,2011,mlogit,1
internationalinteractions,2013,impute,1
internationalinteractions,2016,cgmreg,1
internationalinteractions,2016,estsimp,1
internationalinteractions,2016,clogit,1
internationalinteractions,2017,xtivreg,1
internationalinteractions,2017,mprobit,1
internationalinteractions,2017,impute,1
sppq,2018,regress,284
sppq,2018,nbreg,79
sppq,2016,xtmixed,71
sppq,2016,probit,69
sppq,2015,regress,64
sppq,2015,nbreg,63
sppq,2016,xtreg,60
sppq,2018,xtreg,59
sppq,2018,logit,54
sppq,2018,mixed,43
sppq,2019,bootstrap:regress,39
sppq,2018,probit,31
sppq,2018,xtabond,30
sppq,2015,zinb,23
sppq,2015,xtreg,22
sppq,2016,regress,21
sppq,2018,oprobit,20
sppq,2019,regress,20
sppq,2018,mprobit,19
sppq,2018,ivpoisson,18
sppq,2019,melogit,18
sppq,2015,probit,17
sppq,2017,menbreg,15
sppq,2015,xtpcse,13
sppq,2017,glm,13
sppq,2017,regress,13
sppq,2018,ivregress,10
sppq,2018,xtmixed,10
sppq,2018,xtnbreg,10
sppq,2019,nbreg,9
sppq,2019,xtreg,8
sppq,2017,stcox,8
sppq,2018,mlogit,7
sppq,2015,estsimp,6
sppq,2018,svy:logit,6
sppq,2017,xtpcse,6
sppq,2016,xtpcse,5
sppq,2015,anova,4
sppq,2018,relogit,4
sppq,2019,stcox,4
sppq,2017,oprobit,4
sppq,2014,logit,3
sppq,2014,nbreg,3
sppq,2018,svy:mlogit,3
sppq,2019,mixed,3
sppq,2016,gllamm,3
sppq,2017,xtreg,3
sppq,2017,mixed,3
sppq,2015,rreg,2
sppq,2018,melogit,2
sppq,2018,ivtobit,2
sppq,2018,estsimp,2
sppq,2019,logit,2
sppq,2019,heckman,2
sppq,2016,sem,2
sppq,2017,xtlogit,2
sppq,2015,xtprobit,1
sppq,2015,logit,1
sppq,2015,xtpoisson,1
sppq,2015,xtnbreg,1
sppq,2018,sureg,1
sppq,2018,poisson,1
