year,dataset,command,count
2019,MR1QW3,replace,6776
2015,29945,replace,6675
2015,W3NJYY,replace,6637
2015,TNQSVS,generate,852
2015,TNQSVS,replace,697
2015,WKLS8I,generate,601
2019,8NXK2Y,matrix,498
2019,MR1QW3,label,472
2019,MR1QW3,generate,441
2015,WKLS8I,replace,400
2016,GVNEI2,replace,382
2019,8NXK2Y,scalar,344
2017,SDDXRT,replace,320
2016,ZCBT2N,replace,314
2015,TNQSVS,forvalues,308
2015,29221,replace,302
2015,29221,generate,290
2014,26459,generate,228
2015,TNQSVS,matrix,214
2016,YEXMER,replace,204
2016,XZ53RA,replace,200
2016,XZ53RA,tabulate,178
2014,26459,drop,174
2014,26459,matrix,174
2019,JSOWUR,display,158
2019,MR1QW3,tabulate,152
2015,TNQSVS,scalar,150
2014,26459,egen,149
2019,8YWCF9,matrix,144
2018,BONQSQ,replace,141
2019,JSOWUR,matrix,135
2015,TNQSVS,local,128
2019,MR1QW3,local,124
2016,TX7N7L,replace,117
2016,TQYZ4O,ttest,117
2014,26459,forvalues,116
2015,TNQSVS,regress,115
2016,GVNEI2,generate,107
2016,XZ53RA,estat,105
2015,AZEOHU,label,103
2019,MR1QW3,if,103
2016,XZ53RA,generate,103
2015,TNQSVS,foreach,100
2016,XZ53RA,probit,100
2015,TNQSVS,drop,99
2014,27258,mim,98
2016,XZ53RA,predict,97
2016,KAJNYY,generate,96
2016,KAJNYY,regress,93
2015,AZEOHU,replace,92
2019,MR1QW3,recode,90
2015,TNQSVS,predict,89
2016,9D2NAC,generate,88
2018,YX4S5X,replace,85
2014,27258,estimates:store,83
2016,TX7N7L,label,81
2016,9D2NAC,regress,81
2014,27258,clear,80
2015,29744,generate,78
2016,GJIBCB,regress,78
2016,9D2NAC,label,76
2016,ZCBT2N,generate,73
2015,TNQSVS,display,72
2018,YX4S5X,lincom,72
2016,KY3WAE,scalar,69
2019,MR1QW3,drop,66
2019,7P2GSV,eq,66
2018,YX4S5X,generate,65
2014,24941,drop,64
2017,WMFPW7,matrix,64
2014,28372,replace,63
2014,26459,streg,63
2015,AZEOHU,generate,63
2019,8YWCF9,regress,63
2014,26459,predict,62
2014,24941,local,60
2014,27258,xtpcse,60
2018,HREANC,outreg2,60
2019,8YWCF9,test,60
2014,27258,use,59
2014,26459,tabstat,58
2015,TNQSVS,summarize,58
2014,27258,generate,57
2015,TDSJHE,generate,57
2018,V1LMZ5,replace,57
2016,TX7N7L,fre,57
2016,9D2NAC,estimates:store,57
2014,27258,drop,56
2015,29221,estimates:store,56
2016,KAJNYY,estimates:store,56
2014,28372,generate,55
2016,KAJNYY,tabulate,55
2015,W3NJYY,abic,54
2015,29945,tabulate,53
2018,V1LMZ5,ttest,53
2018,ZP9Y6Q,simqi,53
2016,KAJNYY,replace,53
2015,TDSJHE,recode,52
2018,MKP7IQ,ivregress,52
2019,A8WOCU,global,52
2016,F7JJDP,tabulate,52
2019,7SECSL,replace,51
2016,TX7N7L,generate,51
2019,ZI5VFA,regress,50
2016,KAJNYY,egen,50
2014,24941,summarize,49
2014,27258,display,49
2015,TDSJHE,label,48
2018,YX4S5X,estimates:store,48
2019,8YWCF9,mat2txt,48
2019,8YWCF9,estimates:store,48
2016,F7JJDP,label,48
2014,24941,generate,47
2014,27258,save,47
2017,YY2BVS,recode,47
2014,27258,summarize,46
2016,TX7N7L,graph,46
2016,GVNEI2,tabulate,46
2016,IQHZKB,generate,46
2017,ZVQUB2,nbreg,46
2014,27258,replace,45
2016,F7JJDP,summarize,45
2015,TDSJHE,estimates:sto,44
2019,MR1QW3,mlogit,44
2016,SAJCVL,replace,44
2015,29221,graph,43
2019,HOSWS7,margins,43
2015,TNQSVS,use,42
2015,TNQSVS,clear,42
2015,WR7SYV,regress,42
2018,MKP7IQ,summarize,42
2019,T9BD35,regress,42
2016,TX7N7L,test,42
2017,WMFPW7,replace,42
2018,V1LMZ5,tabulate,41
2019,8YWCF9,label,41
2016,KY3WAE,generate,41
2016,GVNEI2,recode,41
2016,F7JJDP,regress,40
2016,F7JJDP,logit,39
2017,WMFPW7,generate,39
2015,29221,summarize,38
2016,IQHZKB,rename,38
2014,28372,tabulate,37
2015,29221,matrix,37
2015,29221,svmat,37
2019,8YWCF9,replace,37
2019,8YWCF9,foreach,37
2016,O4WC1N,replace,37
2014,26459,summarize,36
2014,27258,sort,36
2014,27258,tabulate,36
2015,29945,summarize,36
2019,8NXK2Y,local,36
2016,9D2NAC,scalar,36
2015,W3NJYY,tabulate,35
2014,24941,egen,34
2015,29945,nbreg,34
2015,TDSJHE,regress,34
2015,29221,foreach,34
2015,29221,drop,34
2018,BE99YA,matrix,34
2019,JSOWUR,rename,34
2019,ZI5VFA,estimates:store,34
2016,F7JJDP,use,34
2016,9D2NAC,drop,34
2015,TDSJHE,replace,33
2015,29221,regress,33
2015,29744,summarize,33
2015,TNQSVS,set,33
2019,MR1QW3,graph,33
2019,7P2GSV,generate,33
2019,7P2GSV,gllamm,33
2019,7P2GSV,drop,33
2017,YY2BVS,mgen,33
2014,24941,regress,32
2014,27258,matrix,32
2018,BE99YA,replace,32
2018,YX4S5X,oprobit,32
2019,ZI5VFA,margins,32
2016,9D2NAC,replace,32
2016,IQHZKB,replace,32
2015,29221,twoway,31
2018,HREANC,reghdfe,31
2019,GJNJZE,generate,31
2015,29221,xtmixed,30
2018,YX4S5X,recode,30
2019,MR1QW3,outreg2,30
2019,T9BD35,outreg2,30
2019,JSOWUR,log,30
2016,TQYZ4O,regress,30
2017,X5FLRX,replace,30
2017,WMFPW7,label,30
2014,26459,svmat,29
2014,27258,rename,29
2019,8NXK2Y,display,29
2019,DEKS5Z,regress,29
2017,6ZBJMW,recode,29
2014,24941,display,28
2014,24941,forvalues,28
2015,29221,forvalues,28
2015,28946,generate,28
2015,TNQSVS,label,28
2019,XKCSL3,generate,28
2016,IQHZKB,drop,28
2017,SDDXRT,clear,28
2014,27258,local,27
2014,27258,list,27
2015,W3NJYY,nbreg,27
2015,W3NJYY,pigreg,27
2015,6SVJRS,generate,27
2015,UXSB23,tabulate,27
2019,8NXK2Y,while,27
2019,JSOWUR,local,27
2019,ZAP6KU,regress,27
2019,ZAP6KU,estimates:store,27
2016,GJIBCB,ologit,27
2016,ZCBT2N,oprobit,27
2016,9D2NAC,tabulate,27
2016,9D2NAC,rename,27
2017,YY2BVS,generate,27
2017,YY2BVS,replace,27
2018,HREANC,unique,26
2019,HOSWS7,regress,26
2019,8YWCF9,svy:tabulate,26
2019,8NXK2Y,if,26
2019,JSOWUR,foreach,26
2016,BSSEDQ,prvalue,26
2016,9D2NAC,encode,26
2016,KAJNYY,label,26
2017,SDDXRT,use,26
2014,27258,global,25
2016,ZCBT2N,margins,25
2017,YY2BVS,logit,25
2018,HREANC,erase,24
2018,V1LMZ5,generate,24
2019,8YWCF9,generate,24
2019,MR1QW3,use,24
2019,MR1QW3,margins,24
2019,MR1QW3,estimates:store,24
2016,F7JJDP,display,24
2016,SAJCVL,impute,24
2017,X5FLRX,generate,24
2014,27258,xtreg,23
2015,AZEOHU,table,23
2015,V5CGTS,ttest,23
2019,XKCSL3,replace,23
2019,R8EJWA,label,23
2019,DEKS5Z,recode,23
2018,HREANC,generate,22
2019,8YWCF9,svy:mean,22
2019,MR1QW3,destring,22
2019,MR1QW3,merge,22
2019,MR1QW3,save,22
2019,DEKS5Z,tabulate,22
2016,9D2NAC,twoway,22
2016,KAJNYY,use,22
2017,6ZBJMW,generate,22
2017,SDDXRT,generate,22
2014,27258,xtset,21
2015,AZEOHU,rename,21
2015,UXSB23,generate,21
2018,YX4S5X,esttab,21
2019,8YWCF9,if,21
2019,MR1QW3,tempfile,21
2019,ULLGEK,outreg2,21
2016,O4WC1N,label,21
2016,IQHZKB,label,21
2017,AZHTBT,replace,21
2017,6ZBJMW,local,21
2017,GDILSM,logit,21
2019,8YWCF9,list,20
2019,MR1QW3,append,20
2019,DEKS5Z,generate,20
2016,TQYZ4O,generate,20
2016,9D2NAC,preserve,20
2016,9D2NAC,restore,20
2017,6ZBJMW,regress,20
2014,27444,regress,19
2014,27258,set,19
2014,27258,keep,19
2015,29945,generate,19
2015,TDSJHE,rename,19
2015,6SVJRS,regress,19
2015,6SVJRS,test,19
2015,TNQSVS,rename,19
2015,TNQSVS,estimates:store,19
2018,VETQG9,xtlogit,19
2019,A8WOCU,clear,19
2016,F7JJDP,graph,19
2016,KY3WAE,replace,19
2016,TQYZ4O,summarize,19
2017,AZHTBT,label,19
2017,X5FLRX,recode,19
2017,5EETZA,regress,19
2014,27676,eststo,18
2014,28372,ttest,18
2014,25853,asprvalue,18
2014,25853,matrixappend,18
2014,27258,order,18
2014,27258,cd,18
2018,VETQG9,esttab,18
2019,HOSWS7,recode,18
2019,8YWCF9,use,18
2019,8YWCF9,estout,18
2019,68HD2N,tabulate,18
2019,MR1QW3,set,18
2016,F7JJDP,lroc,18
2016,TX7N7L,estimates:store,18
2016,TX7N7L,margins,18
2016,TX7N7L,marginsplot,18
2016,9D2NAC,graph,18
2016,KAJNYY,drop,18
2016,KAJNYY,local,18
2016,KAJNYY,foreach,18
2016,KAJNYY,lincom,18
2017,DZT7ZR,margins,18
2017,DZT7ZR,coefplot,18
2017,DTFRAR,local,18
2015,TNQSVS,tw,17
2018,HREANC,global,17
2018,6DKV0B,prtest,17
2018,BONQSQ,label,17
2019,7SECSL,mlogit,17
2019,7SECSL,margins,17
2016,YGOOUR,pwcorr,17
2016,O4WC1N,egen,17
2016,O4WC1N,eststo,17
2016,SAJCVL,svy:mean,17
2017,AZHTBT,svy:tabulate,17
2017,WMFPW7,logit,17
2017,ULQCQ6,replace,17
2014,27676,esttab,16
2014,24941,preserve,16
2014,24941,predict,16
2014,24941,restore,16
2014,27258,label,16
2014,27258,estimates:table,16
2015,AZEOHU,regress,16
2015,29945,regress,16
2015,TNQSVS,if,16
2015,WR7SYV,ologit,16
2018,CKENYM,tabulate,16
2019,8YWCF9,recode,16
2019,FMOSHH,setx,16
2019,GJNJZE,outreg2,16
2019,8NXK2Y,mkmat,16
2019,JSOWUR,use,16
2019,JSOWUR,drop,16
2019,XGUAZV,regress,16
2016,O4WC1N,generate,16
2016,9D2NAC,collapse,16
2016,KAJNYY,global,16
2017,X5FLRX,proportion,16
2017,DTFRAR,stcox,16
2017,DTFRAR,estimates:store,16
2017,WMFPW7,local,16
2014,27676,foreach,15
2014,28372,metan,15
2014,27258,do,15
2015,TDSJHE,estout,15
2015,1R6OOC,xtabond2,15
2018,BE99YA,estimates:store,15
2018,YX4S5X,label,15
2019,8YWCF9,eststo,15
2019,8YWCF9,drop,15
2019,7SECSL,estimates:store,15
2019,GJNJZE,regress,15
2016,F7JJDP,generate,15
2016,CC2AU2,generate,15
2016,9D2NAC,estout,15
2016,KAJNYY,tsset,15
2016,KAJNYY,tssmooth,15
2017,6ZBJMW,rename,15
2017,YY2BVS,summarize,15
2017,SDDXRT,margins,15
2017,WMFPW7,tabulate,15
2014,27841,line,14
2014,27258,notes,14
2014,27258,copy,14
2015,AZEOHU,estimates:store,14
2015,AKN8TY,estimates:store,14
2015,TDSJHE,simqi,14
2015,29221,sort,14
2015,28946,anova,14
2015,UXSB23,lincom,14
2018,GOYSFK,mlogit,14
2018,BONQSQ,generate,14
2018,VETQG9,eststo,14
2018,V1LMZ5,regress,14
2018,MKP7IQ,graph,14
2018,MKP7IQ,line,14
2019,FMOSHH,simqi,14
2019,MR1QW3,foreach,14
2019,8NXK2Y,else,14
2019,A8WOCU,use,14
2019,A8WOCU,xtset,14
2016,IEOZOA,regress,14
2016,DWJZIW,streg,14
2016,DWJZIW,stcox,14
2016,TX7N7L,alpha,14
2016,TX7N7L,recode,14
2016,KY3WAE,local,14
2016,KAJNYY,graph,14
2017,PBGCOX,regress,14
2017,YY2BVS,estimates:store,14
2017,GYSP8I,tabulate,14
2017,DZT7ZR,estimates:store,14
2017,WMFPW7,egen,14
2017,WMFPW7,sort,14
2017,FA6TOE,estimates:store,14
2014,27676,xtmelogit,13
2014,24941,xtile,13
2014,24941,replace,13
2014,24941,names,13
2014,27444,tobit,13
2014,27841,generate,13
2014,27841,regress,13
2014,27258,assert,13
2015,W3NJYY,generate,13
2015,AZEOHU,clear,13
2015,AZEOHU,estimates:clear,13
2015,29945,drop,13
2015,6SVJRS,recode,13
2018,HREANC,use,13
2019,HOSWS7,replace,13
2019,8YWCF9,else,13
2019,A8WOCU,foreach,13
2019,A8WOCU,tempfile,13
2019,A8WOCU,parmby,13
2019,A8WOCU,dsconcat,13
2019,A8WOCU,saveold,13
2016,YEXMER,generate,13
2016,TX7N7L,svy:regress,13
2017,6ZBJMW,replace,13
2017,SDDXRT,nbreg,13
2017,FMZQMJ,tabulate,13
2014,26655,histogram,12
2014,24941,label,12
2014,25853,matrix,12
2014,27258,log,12
2014,27258,merge,12
2015,W3NJYY,list,12
2015,W3NJYY,drop,12
2015,29945,list,12
2015,TDSJHE,test,12
2015,29221,predict,12
2015,29221,xtmelogit,12
2018,BE99YA,regress,12
2018,YX4S5X,probit,12
2018,MKOBET,graph,12
2018,VETQG9,logit,12
2018,VETQG9,xtreg,12
2018,KCTYRK,logit,12
2018,KCTYRK,outreg2,12
2019,HOSWS7,label,12
2019,HOSWS7,coefplot,12
2019,XEE99U,xtmixed,12
2019,XEE99U,estimates:store,12
2019,5GQIVU,logit,12
2019,5GQIVU,outreg2,12
2019,FMOSHH,local,12
2019,PQB8F8,graph,12
2019,MR1QW3,coefplot,12
2019,T9BD35,margins,12
2019,GJNJZE,recode,12
2019,JSOWUR,set,12
2019,DEKS5Z,foreach,12
2019,ULLGEK,heckprob,12
2016,F7JJDP,return,12
2016,F7JJDP,margins,12
2016,F7JJDP,marginsplot,12
2016,IEOZOA,outreg2,12
2016,O4WC1N,drop,12
2016,O4WC1N,recode,12
2016,KY3WAE,if,12
2016,K2KW5C,ttest,12
2016,A819NG,label,12
2016,TQYZ4O,anova,12
2016,TQYZ4O,mfx,12
2016,9D2NAC,recode,12
2016,9D2NAC,list,12
2016,GVNEI2,mvdecode,12
2016,GVNEI2,egen,12
2016,IQHZKB,logit,12
2017,6ZBJMW,label,12
2017,WMFPW7,nlcom,12
2017,GDILSM,svy:mean,12
2014,26655,generate,11
2014,28372,summarize,11
2014,28372,drop,11
2014,28372,display,11
2014,27444,drop,11
2014,27841,mixed,11
2015,W3NJYY,summarize,11
2015,29221,use,11
2015,29221,merge,11
2015,28946,recode,11
2015,UXSB23,replace,11
2015,TNQSVS,keep,11
2015,TNQSVS,twoway,11
2018,BE99YA,generate,11
2018,YX4S5X,foreach,11
2018,YX4S5X,alpha,11
2018,YX4S5X,matrix,11
2018,ZP9Y6Q,setx,11
2018,MKP7IQ,tabulate,11
2019,8YWCF9,local,11
2019,7SECSL,label,11
2019,JSOWUR,forvalues,11
2019,JSOWUR,compress,11
2019,JSOWUR,saveold,11
2019,JSOWUR,rdrobust_old,11
2016,YEXMER,keep,11
2016,F7JJDP,fsum,11
2016,O4WC1N,graph,11
2016,CC2AU2,replace,11
2016,CC2AU2,setx,11
2016,K2KW5C,generate,11
2017,AZHTBT,svy:prop,11
2017,YY2BVS,egen,11
2014,26655,regress,10
2014,28372,regress,10
2014,25853,generate,10
2014,27258,foreach,10
2015,TDSJHE,probit,10
2015,29221,encode,10
2015,29501,regsave,10
2015,TNQSVS,reshape,10
2018,HREANC,bootstrap:reghdfe,10
2018,GOYSFK,generate,10
2018,JTEHKJ,predict,10
2018,MKOBET,twoway,10
2018,BONQSQ,drop,10
2018,V1LMZ5,summarize,10
2019,8YWCF9,append,10
2019,7SECSL,generate,10
2019,Z02C8Y,margins,10
2019,Z02C8Y,marginsplot,10
2019,PQB8F8,twoway,10
2019,MR1QW3,rename,10
2019,XKCSL3,recode,10
2019,JSOWUR,replace,10
2019,ZI5VFA,outreg,10
2019,XGUAZV,generate,10
2019,XGUAZV,replace,10
2016,YEXMER,drop,10
2016,XWQLRU,margins,10
2016,GVNEI2,margins,10
2016,KAJNYY,recode,10
2016,KAJNYY,coefplot,10
2016,KAJNYY,logit,10
2017,AZHTBT,recode,10
2017,GYSP8I,outreg2,10
2017,GAUV14,estimates:store,10
2017,DTFRAR,global,10
2017,SDDXRT,set,10
2017,SDDXRT,save,10
2017,WMFPW7,twoway,10
2017,WMFPW7,drop,10
2014,27676,use,9
2014,27444,generate,9
2014,25853,local,9
2014,26637,stcox,9
2014,27258,egen,9
2015,AZEOHU,set,9
2015,TDSJHE,setx,9
2015,29221,label,9
2015,29221,decode,9
2015,29221,outreg2,9
2018,BE99YA,label,9
2018,YX4S5X,margins,9
2018,MKOBET,xtreg,9
2018,VETQG9,margins,9
2018,VETQG9,estimates:store,9
2019,8YWCF9,ttest,9
2019,7SECSL,rename,9
2019,PQB8F8,xtreg,9
2019,XKCSL3,regress,9
2019,JSOWUR,keep,9
2019,ZAP6KU,generate,9
2019,R8EJWA,eststo,9
2019,DEKS5Z,forvalues,9
2016,GJIBCB,eststo,9
2016,GJIBCB,esttab,9
2016,F7JJDP,local,9
2016,O4WC1N,foreach,9
2016,O4WC1N,rm,9
2016,SAJCVL,svy:tabulate,9
2016,TQYZ4O,tabulate,9
2016,TQYZ4O,eststo,9
2016,QRC2JN,logit,9
2016,9D2NAC,summarize,9
2016,GVNEI2,estout,9
2017,AZHTBT,svy:mean,9
2017,8K9BBR,logit,9
2017,YY2BVS,margins,9
2017,YY2BVS,marginsplot,9
2017,X5FLRX,prtest,9
2017,SDDXRT,marginsplot,9
2017,WMFPW7,save,9
2017,ULQCQ6,ivprobit,9
2017,1RD4HI,tabulate,9
2017,1RD4HI,oprobit,9
2014,27676,coefplot,8
2014,27676,graph,8
2014,27444,replace,8
2014,26459,simqi,8
2014,27258,mkmat,8
2015,AZEOHU,save,8
2015,AZEOHU,esttab,8
2015,AKN8TY,nbreg,8
2015,TDSJHE,drop,8
2015,TDSJHE,estsimp,8
2015,TDSJHE,oprobit,8
2015,28946,mean,8
2015,UXSB23,keep,8
2015,29501,regress,8
2015,TNQSVS,sort,8
2015,WR7SYV,margins,8
2015,WR7SYV,marginsplot,8
2015,V5CGTS,margins,8
2018,CKENYM,asclogit,8
2018,BE99YA,estimates:restore,8
2018,BE99YA,margins,8
2018,HREANC,replace,8
2018,VETQG9,xtset,8
2018,MKP7IQ,ologit,8
2019,GJNJZE,tabulate,8
2019,8NXK2Y,generate,8
2019,NMTCUS,ttest,8
2019,JSOWUR,quietly,8
2019,ZAP6KU,estout,8
2019,XGUAZV,ttest,8
2016,YEXMER,use,8
2016,YEXMER,collapse,8
2016,YEXMER,save,8
2016,F7JJDP,rename,8
2016,O4WC1N,svy:logit,8
2016,DWJZIW,graph,8
2016,TX7N7L,regress,8
2016,SAJCVL,recode,8
2016,CC2AU2,summarize,8
2016,KY3WAE,set,8
2016,KY3WAE,drop,8
2016,KY3WAE,regress,8
2016,KY3WAE,foreach,8
2016,TQYZ4O,oneway,8
2016,9D2NAC,factor,8
2016,9D2NAC,reshape,8
2016,9D2NAC,matrix,8
2016,GVNEI2,logit,8
2017,AZHTBT,esttab,8
2017,AZHTBT,test,8
2017,WOHUFP,stcrreg,8
2017,6ZBJMW,summarize,8
2017,YY2BVS,graph,8
2017,YY2BVS,ologit,8
2017,GAUV14,logit,8
2017,DZT7ZR,regress,8
2017,DZT7ZR,replace,8
2017,X5FLRX,tabulate,8
2017,DTFRAR,forvalues,8
2017,DTFRAR,estat,8
2017,DTFRAR,estadd,8
2017,5EETZA,drop,8
2017,FMZQMJ,generate,8
2017,FA6TOE,logit,8
2014,24354,regress,7
2014,25853,clogit,7
2014,25853,estimates:store,7
2014,27258,mdesc,7
2014,27258,est2vec,7
2015,TDSJHE,set,7
2015,29221,local,7
2015,29221,rename,7
2015,UXSB23,rename,7
2015,UXSB23,drop,7
2015,UXSB23,recode,7
2015,UXSB23,streg,7
2015,UXSB23,stset,7
2015,TNQSVS,esttab,7
2018,BE99YA,graph,7
2018,HREANC,xtset,7
2018,HREANC,areg,7
2018,6DKV0B,ttest,7
2018,MKOBET,outreg2,7
2019,HOSWS7,generate,7
2019,8YWCF9,svyset,7
2019,FMOSHH,nbreg,7
2019,PQB8F8,outreg2,7
2019,GJNJZE,power,7
2019,8NXK2Y,drop,7
2019,JSOWUR,decode,7
2019,ZI5VFA,coefplot,7
2019,ZAP6KU,summarize,7
2019,ULLGEK,probit,7
2016,F7JJDP,foreach,7
2016,O4WC1N,preserve,7
2016,O4WC1N,restore,7
2016,O4WC1N,forvalues,7
2016,BSSEDQ,logit,7
2016,A819NG,regress,7
2016,TQYZ4O,replace,7
2016,QRC2JN,estat,7
2016,GVNEI2,foreach,7
2016,IQHZKB,use,7
2016,IQHZKB,egen,7
2016,KAJNYY,rename,7
2017,YY2BVS,regress,7
2017,GAUV14,coefplot,7
2017,DZT7ZR,generate,7
2017,5EETZA,generate,7
2017,SDDXRT,regress,7
2017,WMFPW7,graph,7
2017,WMFPW7,summarize,7
2017,55Y5RU,margins,7
2014,25853,esttab,6
2014,25853,program,6
2014,27771,xtreg,6
2014,27258,svmat,6
2015,29945,display,6
2015,AKN8TY,logit,6
2015,TDSJHE,hotelling,6
2015,29221,estimates:restore,6
2015,6SVJRS,label,6
2015,UXSB23,sort,6
2015,TNQSVS,correlate,6
2015,V5CGTS,replace,6
2018,YX4S5X,graph,6
2018,HREANC,drop,6
2018,GOYSFK,logit,6
2018,MKOBET,estimates:store,6
2018,BONQSQ,clear,6
2018,V1LMZ5,hotelling,6
2018,MKP7IQ,regress,6
2019,HOSWS7,estimates:store,6
2019,HOSWS7,outreg2,6
2019,XEE99U,global,6
2019,FMOSHH,replace,6
2019,7SECSL,coefplot,6
2019,PQB8F8,estimates:store,6
2019,MR1QW3,order,6
2019,T9BD35,marginsplot,6
2019,T9BD35,test,6
2019,GJNJZE,summarize,6
2019,GJNJZE,register,6
2019,JSOWUR,cd,6
2019,JSOWUR,tempfile,6
2019,JSOWUR,svmat,6
2019,JSOWUR,label,6
2019,JSOWUR,dropmiss,6
2019,JSOWUR,generate,6
2019,ZAP6KU,rdplot,6
2019,DEKS5Z,lincom,6
2016,YEXMER,egen,6
2016,ZCBT2N,codebook,6
2016,F7JJDP,replace,6
2016,F7JJDP,eststo,6
2016,F7JJDP,esttab,6
2016,YGOOUR,regress,6
2016,O4WC1N,esttab,6
2016,O4WC1N,margins,6
2016,DWJZIW,stset,6
2016,DWJZIW,drop,6
2016,TX7N7L,svy:oprobit,6
2016,TX7N7L,estat,6
2016,SAJCVL,svy:probit,6
2016,KY3WAE,clear,6
2016,KY3WAE,global,6
2016,A819NG,prgen,6
2016,TQYZ4O,esttab,6
2016,TQYZ4O,estimates:store,6
2016,9D2NAC,predict,6
2016,9D2NAC,foreach,6
2016,9D2NAC,egen,6
2016,GVNEI2,melogit,6
2016,IQHZKB,save,6
2016,KAJNYY,sort,6
2016,KAJNYY,summarize,6
2017,AZHTBT,svy:regress,6
2017,AZHTBT,regress,6
2017,AZHTBT,tabulate,6
2017,8K9BBR,mlogit,6
2017,8K9BBR,estadd,6
2017,6ZBJMW,use,6
2017,6ZBJMW,tab1,6
2017,6ZBJMW,tabulate,6
2017,6ZBJMW,if,6
2017,GYSP8I,generate,6
2017,GAUV14,mean,6
2017,DZT7ZR,drop,6
2017,DZT7ZR,nbreg,6
2017,DZT7ZR,mlogit,6
2017,DTFRAR,use,6
2017,DTFRAR,egen,6
2017,DTFRAR,stset,6
2017,DTFRAR,esttab,6
2017,DTFRAR,testparm,6
2017,WMFPW7,use,6
2017,WMFPW7,estimates:store,6
2017,DCIWA5,egen,6
2017,FA6TOE,nbreg,6
2014,26655,tabulate,5
2014,27676,xtmixed,5
2014,24941,twoway,5
2014,24354,probit,5
2014,27258,tabmiss,5
2014,27258,collapse,5
2014,27258,regress,5
2014,27258,levelsof,5
2015,AZEOHU,estpost,5
2015,AZEOHU,order,5
2015,TDSJHE,egen,5
2015,6LBE2R,logit,5
2015,UXSB23,browse,5
2015,29361,arima,5
2015,29361,outreg2,5
2015,29361,predict,5
2015,29361,wntestq,5
2015,29361,drop,5
2018,BE99YA,cd,5
2018,BE99YA,esttab,5
2018,BE99YA,order,5
2018,YX4S5X,xtile,5
2018,YX4S5X,svyset,5
2018,HREANC,xtabond2,5
2018,GOYSFK,esttab,5
2018,GOYSFK,replace,5
2018,V1LMZ5,recode,5
2018,V1LMZ5,margins,5
2018,V1LMZ5,marginsplot,5
2018,MKP7IQ,correlate,5
2019,HOSWS7,encode,5
2019,HOSWS7,xtreg,5
2019,8YWCF9,coefplot,5
2019,FMOSHH,xtnbreg,5
2019,MR1QW3,mixed,5
2019,8NXK2Y,forvalues,5
2019,ZI5VFA,mean,5
2019,ULLGEK,test,5
2019,A8WOCU,log,5
2016,ZCBT2N,destring,5
2016,F7JJDP,recode,5
2016,XZ53RA,sort,5
2016,XZ53RA,list,5
2016,O4WC1N,sencode,5
2016,CC2AU2,drop,5
2016,KY3WAE,mkdir,5
2016,A819NG,clear,5
2016,A819NG,use,5
2016,A819NG,generate,5
2016,9D2NAC,oprobit,5
2016,GVNEI2,drop,5
2016,GVNEI2,label,5
2016,IQHZKB,keep,5
2016,KAJNYY,list,5
2017,AZHTBT,generate,5
2017,8K9BBR,graph,5
2017,6ZBJMW,foreach,5
2017,YY2BVS,use,5
2017,YY2BVS,twoway,5
2017,GYSP8I,ttesti,5
2017,DZT7ZR,graph,5
2017,DTFRAR,summarize,5
2017,5EETZA,replace,5
2017,WMFPW7,merge,5
2017,FMZQMJ,rename,5
2017,55Y5RU,egen,5
2017,GDILSM,clear,5
2014,24941,use,4
2014,24941,eststo,4
2014,27258,move,4
2014,27258,exit,4
2014,27258,version,4
2014,27258,des,4
2015,W3NJYY,mchange,4
2015,AZEOHU,local,4
2015,AZEOHU,input,4
2015,AZEOHU,end,4
2015,AZEOHU,list,4
2015,AZEOHU,sort,4
2015,AZEOHU,margins,4
2015,AZEOHU,mmerge,4
2015,AZEOHU,survwgt,4
2015,AZEOHU,ttest,4
2015,AKN8TY,margins,4
2015,29221,set,4
2015,29221,keep,4
2015,29221,egen,4
2015,29221,_pctile,4
2015,28946,tabulate,4
2015,6LBE2R,generate,4
2015,6SVJRS,grinter,4
2015,UXSB23,do,4
2015,UXSB23,egen,4
2015,TNQSVS,order,4
2015,TNQSVS,list,4
2015,WR7SYV,recode,4
2015,WR7SYV,label,4
2015,V5CGTS,generate,4
2015,V5CGTS,tabulate,4
2015,V5CGTS,summarize,4
2018,BE99YA,ereturn,4
2018,YX4S5X,tabulate,4
2018,YX4S5X,svy:tabulate,4
2018,YX4S5X,mlogit,4
2018,HREANC,foreach,4
2018,HREANC,forvalues,4
2018,HREANC,tabulate,4
2018,HREANC,xtivreg2,4
2018,HREANC,regress,4
2018,HREANC,predict,4
2018,MKOBET,generate,4
2018,MKOBET,replace,4
2018,BONQSQ,foreach,4
2018,BONQSQ,save,4
2018,BONQSQ,xtreg,4
2018,VETQG9,mlogit,4
2018,KCTYRK,use,4
2018,KCTYRK,clear,4
2019,5GQIVU,use,4
2019,5GQIVU,clear,4
2019,FMOSHH,generate,4
2019,FMOSHH,matrix,4
2019,FMOSHH,foreach,4
2019,PQB8F8,generate,4
2019,PQB8F8,replace,4
2019,MR1QW3,areg,4
2019,GJNJZE,set,4
2019,7P2GSV,ologit,4
2019,8NXK2Y,clear,4
2019,8NXK2Y,rename,4
2019,8NXK2Y,summarize,4
2019,JSOWUR,merge,4
2019,JSOWUR,sort,4
2019,JSOWUR,rdrobust,4
2019,JSOWUR,erase,4
2019,ZI5VFA,histogram,4
2019,ZI5VFA,graph,4
2019,ZAP6KU,replace,4
2019,R8EJWA,set,4
2019,R8EJWA,probit,4
2019,R8EJWA,lroc,4
2019,R8EJWA,estadd,4
2019,R8EJWA,esttab,4
2019,DEKS5Z,cd,4
2019,DEKS5Z,replace,4
2019,A8WOCU,xtreg,4
2016,GJIBCB,use,4
2016,F7JJDP,drop,4
2016,F7JJDP,pwcorr,4
2016,F7JJDP,lincom,4
2016,XZ53RA,display,4
2016,O4WC1N,parmest,4
2016,O4WC1N,append,4
2016,O4WC1N,svy:mlogit,4
2016,DWJZIW,stcurve,4
2016,XWQLRU,logit,4
2016,TX7N7L,cd,4
2016,TX7N7L,pwcorr,4
2016,TX7N7L,estout,4
2016,CC2AU2,set,4
2016,CC2AU2,simqi,4
2016,KY3WAE,program,4
2016,KY3WAE,tsset,4
2016,KY3WAE,return,4
2016,KY3WAE,postfile,4
2016,KY3WAE,post,4
2016,KY3WAE,postclose,4
2016,KY3WAE,predict,4
2016,KY3WAE,wntestq,4
2016,A819NG,twoway,4
2016,A819NG,replace,4
2016,A819NG,heckman,4
2016,9D2NAC,rm,4
2016,GVNEI2,rename,4
2016,IQHZKB,merge,4
2016,IQHZKB,sort,4
2016,IQHZKB,tsspell,4
2016,IQHZKB,order,4
2016,KAJNYY,set,4
2016,KAJNYY,merge,4
2016,KAJNYY,keep,4
2017,AZHTBT,svy:logit,4
2017,AZHTBT,mean,4
2017,AZHTBT,logit,4
2017,IYAX3D,quietly,4
2017,IYAX3D,estimates:store,4
2017,8K9BBR,coefplot,4
2017,8K9BBR,eststo,4
2017,WOHUFP,mlogit,4
2017,WOHUFP,stset,4
2017,WOHUFP,stcurve,4
2017,YY2BVS,cd,4
2017,YY2BVS,correlate,4
2017,GYSP8I,recode,4
2017,GYSP8I,summarize,4
2017,GYSP8I,melogit,4
2017,GAUV14,margins,4
2017,DTFRAR,graph,4
2017,5EETZA,sort,4
2017,SDDXRT,egen,4
2017,WMFPW7,pwcorr,4
2017,WMFPW7,clear,4
2017,WMFPW7,miest,4
2017,WMFPW7,svmat,4
2017,WMFPW7,erase,4
2017,ULQCQ6,probit,4
2017,FMZQMJ,recode,4
2017,FMZQMJ,replace,4
2017,ZVQUB2,margins,4
2017,55Y5RU,replace,4
2017,FA6TOE,estout,4
2017,GDILSM,set,4
2014,26655,xtreg,3
2014,26655,recode,3
2014,26655,correlate,3
2014,26655,tabstat,3
2014,26655,count,3
2014,27676,regress,3
2014,27676,margins,3
2014,27676,display,3
2014,24941,summary,3
2014,28372,tabstat,3
2014,28372,recode,3
2014,27444,lowess,3
2014,25853,use,3
2014,25853,keep,3
2014,25853,estimates:restore,3
2014,25853,end,3
2014,26637,generate,3
2014,26637,replace,3
2014,27258,tabstat,3
2014,27258,encode,3
2014,27258,table,3
2014,27258,count,3
2015,W3NJYY,margins,3
2015,W3NJYY,display,3
2015,AZEOHU,macro,3
2015,AZEOHU,log,3
2015,AZEOHU,coefplot,3
2015,AZEOHU,tabstat,3
2015,TDSJHE,summarize,3
2015,TDSJHE,alpha,3
2015,TDSJHE,pwcorr,3
2015,29221,destring,3
2015,29221,collapse,3
2015,29221,tabulate,3
2015,UXSB23,log,3
2015,UXSB23,use,3
2015,UXSB23,merge,3
2015,UXSB23,summarize,3
2015,UXSB23,estimates:store,3
2015,UXSB23,stcurve,3
2015,WKLS8I,egen,3
2015,29744,probit,3
2015,29744,predict,3
2015,29501,betafit,3
2015,V5CGTS,regress,3
2015,V5CGTS,outreg,3
2018,BE99YA,d,3
2018,BE99YA,summarize,3
2018,BE99YA,drop,3
2018,BE99YA,nbreg,3
2018,YX4S5X,svmat,3
2018,HREANC,local,3
2018,HREANC,summarize,3
2018,HREANC,keep,3
2018,GOYSFK,log,3
2018,GOYSFK,table,3
2018,JTEHKJ,summarize,3
2018,MKOBET,summarize,3
2018,MKOBET,xtunitroot,3
2018,MKOBET,lrtest,3
2018,MKOBET,regress,3
2018,BONQSQ,set,3
2018,BONQSQ,import,3
2018,BONQSQ,encode,3
2018,BONQSQ,merge,3
2018,BONQSQ,recode,3
2018,BONQSQ,graph,3
2018,VETQG9,coefplot,3
2018,MKP7IQ,estat,3
2018,KCTYRK,keep,3
2018,QUJY64,ranksum,3
2018,QUJY64,tabulate,3
2019,8YWCF9,logit,3
2019,XEE99U,set,3
2019,XEE99U,esttab,3
2019,5GQIVU,keep,3
2019,68HD2N,display,3
2019,PQB8F8,summarize,3
2019,PQB8F8,xtunitroot,3
2019,PQB8F8,lrtest,3
2019,PQB8F8,regress,3
2019,T9BD35,display,3
2019,GJNJZE,areg,3
2019,GJNJZE,extract,3
2019,GJNJZE,impute,3
2019,XKCSL3,egen,3
2019,8NXK2Y,sort,3
2019,JSOWUR,rdbound,3
2019,JSOWUR,clear,3
2019,JSOWUR,gsort,3
2019,JSOWUR,adopath,3
2019,JSOWUR,twoway,3
2019,JSOWUR,graph,3
2019,R8EJWA,lsens,3
2019,R8EJWA,generate,3
2019,R8EJWA,drop,3
2019,R8EJWA,margins,3
2019,R8EJWA,regress,3
2019,DEKS5Z,use,3
2016,SWCLPU,replace,3
2016,SWCLPU,local,3
2016,ZCBT2N,rename,3
2016,ZCBT2N,summarize,3
2016,F7JJDP,log,3
2016,F7JJDP,egen,3
2016,IEOZOA,set,3
2016,XZ53RA,use,3
2016,XZ53RA,save,3
2016,O4WC1N,sort,3
2016,O4WC1N,global,3
2016,O4WC1N,estimates:restore,3
2016,O4WC1N,clear,3
2016,O4WC1N,logit,3
2016,O4WC1N,estimates:table,3
2016,O4WC1N,scalar,3
2016,XWQLRU,marginsplot,3
2016,TX7N7L,drop,3
2016,CC2AU2,tabulate,3
2016,CC2AU2,local,3
2016,A819NG,graph,3
2016,TQYZ4O,recode,3
2016,TQYZ4O,suest,3
2016,TQYZ4O,test,3
2016,9D2NAC,sort,3
2016,GVNEI2,marginsplot,3
2016,GVNEI2,mlogit,3
2016,IQHZKB,cd,3
2016,IQHZKB,do,3
2016,IQHZKB,impute,3
2016,KAJNYY,log,3
2016,KAJNYY,xtlogit,3
2016,KAJNYY,estout,3
2016,KAJNYY,eststo,3
2016,KAJNYY,esttab,3
2017,AZHTBT,cd,3
2017,AZHTBT,use,3
2017,AZHTBT,rename,3
2017,PBGCOX,hotelling,3
2017,8K9BBR,log,3
2017,8K9BBR,margins,3
2017,6ZBJMW,ta,3
2017,6ZBJMW,encode,3
2017,6ZBJMW,forvalues,3
2017,6ZBJMW,preserve,3
2017,6ZBJMW,restore,3
2017,6ZBJMW,display,3
2017,6ZBJMW,drop,3
2017,6ZBJMW,postfile,3
2017,6ZBJMW,post,3
2017,6ZBJMW,postclose,3
2017,YY2BVS,save,3
2017,GYSP8I,logit,3
2017,DTFRAR,generate,3
2017,DTFRAR,drop,3
2017,5EETZA,ebalance,3
2017,5EETZA,svyset,3
2017,SDDXRT,serrbar,3
2017,WMFPW7,log,3
2017,WMFPW7,recode,3
2017,WMFPW7,keep,3
2017,WMFPW7,table,3
2017,WMFPW7,stack,3
2017,1RD4HI,generate,3
2017,1RD4HI,graph,3
2017,55Y5RU,probit,3
2017,GDILSM,log,3
2017,GDILSM,version,3
2017,GDILSM,matrix,3
2017,GDILSM,use,3
2017,GDILSM,svy:tabulate,3
2017,GDILSM,mean,3
2017,GDILSM,test,3
2017,GDILSM,mchange,3
2014,26655,use,2
2014,26655,set,2
2014,26655,replace,2
2014,26655,foreach,2
2014,27676,twoway,2
2014,24941,tabulate,2
2014,24941,collapse,2
2014,24941,library,2
2014,24941,finaldata,2
2014,24941,mvencode,2
2014,24941,sort,2
2014,27444,graph,2
2014,25853,tabulate,2
2014,27841,graph,2
2014,27841,xtpcse,2
2014,27841,predict,2
2014,26459,clear,2
2014,26459,use,2
2014,26459,correlate,2
2014,26459,preserve,2
2014,26459,restore,2
2014,26459,keep,2
2014,26459,list,2
2014,26459,display,2
2014,26637,stcurve,2
2014,26637,recode,2
2014,27258,mvpatterns,2
2014,27258,misschk,2
2014,27258,format,2
2014,27258,while,2
2014,27258,mimstack,2
2014,27258,ado,2
2015,W3NJYY,tabstat,2
2015,AZEOHU,run,2
2015,AZEOHU,insheet,2
2015,AZEOHU,graph,2
2015,AZEOHU,keep,2
2015,29945,tabstat,2
2015,AKN8TY,outreg2,2
2015,TDSJHE,clear,2
2015,TDSJHE,use,2
2015,TDSJHE,quietly,2
2015,TDSJHE,global,2
2015,TDSJHE,ranksum,2
2015,29221,version,2
2015,6LBE2R,margins,2
2015,6LBE2R,marginsplot,2
2015,UXSB23,set,2
2015,UXSB23,label,2
2015,SY5NEY,eststo,2
2015,29473,ttest,2
2015,29473,regress,2
2015,29473,margins,2
2015,29501,generate,2
2015,29501,zoib,2
2015,TNQSVS,tsset,2
2015,TNQSVS,format,2
2015,TNQSVS,egen,2
2015,V5CGTS,logit,2
2018,CKENYM,use,2
2018,BE99YA,global,2
2018,BE99YA,use,2
2018,BE99YA,egen,2
2018,BE99YA,correlate,2
2018,BE99YA,sort,2
2018,BE99YA,eclplot,2
2018,YX4S5X,factor,2
2018,HREANC,log,2
2018,HREANC,set,2
2018,HREANC,tsset,2
2018,HREANC,sort,2
2018,HREANC,egen,2
2018,HREANC,rename,2
2018,JTEHKJ,log,2
2018,OJCMX8,use,2
2018,OJCMX8,twoway,2
2018,MKOBET,log,2
2018,MKOBET,mean,2
2018,MKOBET,matrix,2
2018,BONQSQ,global,2
2018,BONQSQ,reshape,2
2018,BONQSQ,use,2
2018,BONQSQ,xtset,2
2018,BONQSQ,margins,2
2018,BONQSQ,marginsplot,2
2018,VETQG9,use,2
2018,V1LMZ5,label,2
2018,V1LMZ5,table,2
2018,ZP9Y6Q,use,2
2018,ZP9Y6Q,oprobit,2
2018,ZP9Y6Q,set,2
2018,ZP9Y6Q,estsimp,2
2018,MKP7IQ,listcoef,2
2018,MKP7IQ,twoway,2
2018,KCTYRK,log,2
2018,QUJY64,anova,2
2019,HOSWS7,rename,2
2019,HOSWS7,destring,2
2019,8YWCF9,xtile,2
2019,8YWCF9,save,2
2019,XEE99U,preserve,2
2019,XEE99U,keep,2
2019,XEE99U,rename,2
2019,XEE99U,generate,2
2019,XEE99U,restore,2
2019,5GQIVU,log,2
2019,FMOSHH,use,2
2019,FMOSHH,log,2
2019,FMOSHH,twoway,2
2019,FMOSHH,graph,2
2019,FMOSHH,drop,2
2019,FMOSHH,post,2
2019,FMOSHH,tabulate,2
2019,68HD2N,list,2
2019,68HD2N,replace,2
2019,7SECSL,set,2
2019,7SECSL,logit,2
2019,7SECSL,marginsplot,2
2019,Z02C8Y,use,2
2019,Z02C8Y,xtmixed,2
2019,Z02C8Y,outreg2,2
2019,Z02C8Y,graph,2
2019,PQB8F8,log,2
2019,PQB8F8,mean,2
2019,PQB8F8,matrix,2
2019,T9BD35,graph,2
2019,GJNJZE,clear,2
2019,GJNJZE,drop,2
2019,8NXK2Y,run,2
2019,8NXK2Y,svmat,2
2019,8NXK2Y,merge,2
2019,8NXK2Y,variog2,2
2019,8NXK2Y,replace,2
2019,NMTCUS,log,2
2019,NMTCUS,regress,2
2019,NMTCUS,ologit,2
2019,JSOWUR,program,2
2019,JSOWUR,desc,2
2019,JSOWUR,append,2
2019,ZAP6KU,log,2
2019,ZAP6KU,drop,2
2019,R8EJWA,use,2
2019,XGUAZV,use,2
2019,DEKS5Z,summarize,2
2019,ULLGEK,use,2
2019,ULLGEK,margins,2
2019,ULLGEK,marginsplot,2
2016,YEXMER,rename,2
2016,SWCLPU,label,2
2016,GJIBCB,generate,2
2016,ZCBT2N,keep,2
2016,F7JJDP,cd,2
2016,IEOZOA,foreach,2
2016,IEOZOA,estimates:store,2
2016,IEOZOA,coefplot,2
2016,IEOZOA,graph,2
2016,XZ53RA,log,2
2016,XZ53RA,label,2
2016,O4WC1N,use,2
2016,O4WC1N,cd,2
2016,O4WC1N,log,2
2016,O4WC1N,rename,2
2016,O4WC1N,estimates:sto,2
2016,O4WC1N,svy:tabulate,2
2016,O4WC1N,estimates:store,2
2016,O4WC1N,alpha,2
2016,O4WC1N,post,2
2016,DWJZIW,log,2
2016,TX7N7L,svyset,2
2016,TX7N7L,histogram,2
2016,SAJCVL,log,2
2016,SAJCVL,generate,2
2016,CC2AU2,clear,2
2016,CC2AU2,log,2
2016,CC2AU2,alpha,2
2016,CC2AU2,zscore,2
2016,CC2AU2,sort,2
2016,CC2AU2,pwcorr,2
2016,CC2AU2,_pctile,2
2016,KY3WAE,syntax,2
2016,KY3WAE,end,2
2016,KY3WAE,obs,2
2016,KY3WAE,using,2
2016,KY3WAE,simul,2
2016,KY3WAE,reps,2
2016,KY3WAE,summarize,2
2016,KY3WAE,cd,2
2016,KY3WAE,tempname,2
2016,KY3WAE,quietly,2
2016,KY3WAE,forvalues,2
2016,KY3WAE,while,2
2016,KY3WAE,dfuller,2
2016,K2KW5C,summarize,2
2016,A819NG,eststo,2
2016,A819NG,estimates:store,2
2016,A819NG,esttab,2
2016,TQYZ4O,log,2
2016,QRC2JN,setx,2
2016,QRC2JN,simqi,2
2016,9D2NAC,clear,2
2016,9D2NAC,import,2
2016,9D2NAC,labrecode,2
2016,9D2NAC,lrtest,2
2016,9D2NAC,grc1leg,2
2016,GVNEI2,estimates:sto,2
2016,IQHZKB,log,2
2016,IQHZKB,margins,2
2016,IQHZKB,marginsplot,2
2016,IQHZKB,set,2
2016,IQHZKB,clear,2
2016,IQHZKB,register,2
2016,KAJNYY,save,2
2016,KAJNYY,forvalues,2
2017,AZHTBT,egen,2
2017,AZHTBT,svy:mlogit,2
2017,AZHTBT,mlogit,2
2017,IYAX3D,log,2
2017,IYAX3D,use,2
2017,IYAX3D,summarize,2
2017,IYAX3D,generate,2
2017,IYAX3D,esttab,2
2017,IYAX3D,spmap,2
2017,WOHUFP,listcoef,2
2017,WOHUFP,mlogtest,2
2017,6ZBJMW,ttest,2
2017,6ZBJMW,graph,2
2017,6ZBJMW,imb,2
2017,6ZBJMW,cem,2
2017,6ZBJMW,ebalance,2
2017,6ZBJMW,program,2
2017,6ZBJMW,do,2
2017,YY2BVS,scatter,2
2017,YY2BVS,set,2
2017,GYSP8I,set,2
2017,GYSP8I,log,2
2017,GYSP8I,xtile,2
2017,GYSP8I,power,2
2017,GYSP8I,regress,2
2017,GYSP8I,mixed,2
2017,GAUV14,income,2
2017,DZT7ZR,kdensity,2
2017,DZT7ZR,twoway,2
2017,DZT7ZR,logit,2
2017,DZT7ZR,teffects,2
2017,DZT7ZR,poisson,2
2017,5EETZA,save,2
2017,5EETZA,merge,2
2017,5EETZA,destring,2
2017,5EETZA,tabulate,2
2017,5EETZA,twoway,2
2017,SDDXRT,cd,2
2017,SDDXRT,register,2
2017,SDDXRT,impute,2
2017,WMFPW7,forvalues,2
2017,WMFPW7,correlate,2
2017,WMFPW7,ttest,2
2017,WMFPW7,listtex,2
2017,ULQCQ6,margins,2
2017,ULQCQ6,marginsplot,2
2017,ULQCQ6,ivreg2,2
2017,FMZQMJ,tab1,2
2017,FMZQMJ,alpha,2
2017,FMZQMJ,pwcorr,2
2017,FMZQMJ,summarize,2
2017,FMZQMJ,display,2
2017,FMZQMJ,regress,2
2017,DCIWA5,twoway,2
2017,DCIWA5,erase,2
2017,ZVQUB2,zinb,2
2017,55Y5RU,oprobit,2
2017,55Y5RU,fvset,2
2017,55Y5RU,marginsplot,2
2017,55Y5RU,clear,2
2017,GDILSM,svyset,2
2017,GDILSM,summarize,2
2014,26655,order,1
2014,26655,xtset,1
2014,26655,forvalues,1
2014,26655,graph,1
2014,26655,summarize,1
2014,27676,pwcorr,1
2014,27676,summarize,1
2014,24941,saveold,1
2014,24941,coefplot,1
2014,24941,esttab,1
2014,24941,list,1
2014,24941,describe,1
2014,24941,mydata,1
2014,24941,rownames,1
2014,24941,head,1
2014,24941,mfls1,1
2014,24941,mfls2,1
2014,24941,mfls3,1
2014,24941,mfls4,1
2014,24941,mfls5,1
2014,24941,plotComp,1
2014,28372,use,1
2014,28372,set,1
2014,28372,pwcorr,1
2014,27444,clear,1
2014,27444,cd,1
2014,27444,use,1
2014,27444,summarize,1
2014,27444,avplot,1
2014,27444,encode,1
2014,27444,forvalues,1
2014,27444,local,1
2014,27444,dfbeta,1
2014,27444,sort,1
2014,27444,gsort,1
2014,24354,scatter,1
2014,25853,count,1
2014,25853,egen,1
2014,25853,save,1
2014,25853,recode,1
2014,27771,use,1
2014,27771,tsset,1
2014,27841,xtset,1
2014,27841,replace,1
2014,26459,foreach,1
2014,26459,version,1
2014,26459,estsimp,1
2014,26459,setx,1
2014,26459,twoway,1
2014,26459,predictnl,1
2014,26459,stset,1
2014,26459,replace,1
2014,26459,xtile,1
2014,26459,tabulate,1
2014,26637,stset,1
2014,26637,sts,1
2014,26637,stphtest,1
2014,26637,The,1
2014,27258,For,1
2014,27258,the,1
2014,27258,made,1
2014,27258,est2tex,1
2014,27258,insheet,1
2014,27258,note,1
2014,27258,xtdes,1
2014,27258,testparm,1
2014,27258,drawnorm,1
2015,AZEOHU,cd,1
2015,AZEOHU,logit,1
2015,AZEOHU,Graph,1
2015,29945,set,1
2015,29945,keep,1
2015,29945,recode,1
2015,TDSJHE,estadd,1
2015,TDSJHE,destring,1
2015,TDSJHE,order,1
2015,TDSJHE,mprobit,1
2015,29221,gsort,1
2015,29221,append,1
2015,28946,alpha,1
2015,6SVJRS,tsset,1
2015,6SVJRS,rename,1
2015,6SVJRS,log,1
2015,UXSB23,twoway,1
2015,UXSB23,destring,1
2015,UXSB23,tsset,1
2015,UXSB23,correlate,1
2015,UXSB23,saveold,1
2015,UXSB23,estout,1
2015,UXSB23,mlogit,1
2015,SY5NEY,use,1
2015,SY5NEY,tabulate,1
2015,SY5NEY,recode,1
2015,SY5NEY,logit,1
2015,SY5NEY,estimates:store,1
2015,SY5NEY,estadd,1
2015,SY5NEY,margins,1
2015,SY5NEY,esttab,1
2015,SY5NEY,estimates:restore,1
2015,SY5NEY,set,1
2015,SY5NEY,range,1
2015,SY5NEY,generate,1
2015,SY5NEY,mcp,1
2015,SY5NEY,graph,1
2015,SY5NEY,scons_returncode,1
2015,29361,tsset,1
2015,29361,correlate,1
2015,29361,pperron,1
2015,29361,pac,1
2015,29361,ac,1
2015,1R6OOC,margins,1
2015,1R6OOC,marginsplot,1
2015,29473,use,1
2015,29473,set,1
2015,29473,summarize,1
2015,29473,marginsplot,1
2015,29473,generate,1
2015,29473,glm,1
2015,29501,cd,1
2015,29501,use,1
2015,TNQSVS,gsort,1
2015,TNQSVS,destring,1
2015,TNQSVS,line,1
2015,WR7SYV,ciplot,1
2015,WR7SYV,replace,1
2015,V5CGTS,clear,1
2015,V5CGTS,set,1
2015,V5CGTS,cd,1
2015,V5CGTS,use,1
2018,CKENYM,summarize,1
2018,CKENYM,probit,1
2018,CKENYM,margins,1
2018,BE99YA,set,1
2018,BE99YA,clear,1
2018,BE99YA,collapse,1
2018,BE99YA,merge,1
2018,BE99YA,duplicates,1
2018,BE99YA,describe,1
2018,BE99YA,standard2,1
2018,BE99YA,tabulate,1
2018,BE99YA,save,1
2018,BE99YA,tab2,1
2018,YX4S5X,clear,1
2018,YX4S5X,set,1
2018,YX4S5X,use,1
2018,YX4S5X,svy:oprobit,1
2018,HREANC,clear,1
2018,HREANC,xtsum,1
2018,GOYSFK,clear,1
2018,GOYSFK,set,1
2018,GOYSFK,use,1
2018,GOYSFK,ssc,1
2018,GOYSFK,tabulate,1
2018,JTEHKJ,set,1
2018,JTEHKJ,use,1
2018,JTEHKJ,mlogit,1
2018,JTEHKJ,drop,1
2018,MKOBET,cd,1
2018,MKOBET,use,1
2018,MKOBET,preserve,1
2018,MKOBET,drop,1
2018,MKOBET,restore,1
2018,MKOBET,svmat,1
2018,MKOBET,egen,1
2018,MKOBET,recode,1
2018,MKOBET,xtpcse,1
2018,BONQSQ,rename,1
2018,BONQSQ,format,1
2018,BONQSQ,local,1
2018,BONQSQ,egen,1
2018,BONQSQ,sort,1
2018,BONQSQ,esttab,1
2018,V1LMZ5,drop,1
2018,V1LMZ5,sort,1
2018,V1LMZ5,destring,1
2018,V1LMZ5,tab1,1
2018,V1LMZ5,pwcorr,1
2018,MKP7IQ,pwcorr,1
2018,MKP7IQ,collapse,1
2018,MKP7IQ,grc1leg,1
2018,QUJY64,pwcorr,1
2018,QUJY64,oneway,1
2019,HOSWS7,cd,1
2019,HOSWS7,use,1
2019,HOSWS7,do,1
2019,HOSWS7,drop,1
2019,HOSWS7,set,1
2019,HOSWS7,xtset,1
2019,HOSWS7,mlogit,1
2019,HOSWS7,mlog,1
2019,HOSWS7,esttab,1
2019,8YWCF9,set,1
2019,8YWCF9,pwcorr,1
2019,8YWCF9,clear,1
2019,8YWCF9,import,1
2019,8YWCF9,destring,1
2019,8YWCF9,sort,1
2019,XEE99U,clear,1
2019,XEE99U,cd,1
2019,XEE99U,use,1
2019,XEE99U,tempfile,1
2019,XEE99U,save,1
2019,XEE99U,append,1
2019,XEE99U,histogram,1
2019,XEE99U,graph,1
2019,XEE99U,sutex,1
2019,FMOSHH,format,1
2019,FMOSHH,label,1
2019,FMOSHH,xtset,1
2019,FMOSHH,set,1
2019,FMOSHH,estsimp,1
2019,FMOSHH,tempname,1
2019,FMOSHH,postfile,1
2019,FMOSHH,postclose,1
2019,FMOSHH,preserve,1
2019,FMOSHH,restore,1
2019,FMOSHH,histogram,1
2019,FMOSHH,summarize,1
2019,FMOSHH,regress,1
2019,FMOSHH,lvr2plot,1
2019,FMOSHH,btscs,1
2019,68HD2N,use,1
2019,68HD2N,generate,1
2019,7SECSL,use,1
2019,Z02C8Y,correlate,1
2019,PQB8F8,cd,1
2019,PQB8F8,use,1
2019,PQB8F8,preserve,1
2019,PQB8F8,drop,1
2019,PQB8F8,restore,1
2019,PQB8F8,svmat,1
2019,PQB8F8,egen,1
2019,PQB8F8,recode,1
2019,PQB8F8,xtpcse,1
2019,MR1QW3,clear,1
2019,MR1QW3,cd,1
2019,MR1QW3,keep,1
2019,MR1QW3,egen,1
2019,MR1QW3,log,1
2019,MR1QW3,regress,1
2019,MR1QW3,grc1leg,1
2019,T9BD35,use,1
2019,GJNJZE,use,1
2019,GJNJZE,factor,1
2019,GJNJZE,screeplot,1
2019,GJNJZE,alpha,1
2019,GJNJZE,histogram,1
2019,GJNJZE,graph,1
2019,GJNJZE,predict,1
2019,GJNJZE,display,1
2019,XKCSL3,factor,1
2019,XKCSL3,summarize,1
2019,XKCSL3,pwcorr,1
2019,7P2GSV,xtlogit,1
2019,8NXK2Y,preserve,1
2019,8NXK2Y,restore,1
2019,NMTCUS,tabulate,1
2019,NMTCUS,logit,1
2019,JSOWUR,egen,1
2019,JSOWUR,labmask,1
2019,ZI5VFA,summarize,1
2019,ZAP6KU,version,1
2019,ZAP6KU,clear,1
2019,ZAP6KU,cd,1
2019,ZAP6KU,set,1
2019,ZAP6KU,use,1
2019,ZAP6KU,tabulate,1
2019,ZAP6KU,histogram,1
2019,R8EJWA,clear,1
2019,R8EJWA,version,1
2019,R8EJWA,cd,1
2019,R8EJWA,insheet,1
2019,XGUAZV,summarize,1
2019,XGUAZV,use13,1
2019,XGUAZV,drop,1
2019,XGUAZV,save,1
2019,XGUAZV,destring,1
2019,XGUAZV,merge,1
2019,DEKS5Z,insheet,1
2019,DEKS5Z,count,1
2019,DEKS5Z,polychoric,1
2019,DEKS5Z,set,1
2019,ULLGEK,set,1
2019,ULLGEK,sartsel,1
2019,A8WOCU,cd,1
2019,A8WOCU,generate,1
2019,A8WOCU,esttab,1
2019,A8WOCU,eststo,1
2016,SWCLPU,use,1
2016,SWCLPU,keep,1
2016,SWCLPU,drop,1
2016,SWCLPU,generate,1
2016,SWCLPU,tw,1
2016,SWCLPU,exit,1
2016,GJIBCB,clear,1
2016,GJIBCB,cd,1
2016,ZCBT2N,ologit,1
2016,ZCBT2N,meologit,1
2016,ZCBT2N,regress,1
2016,ZCBT2N,xtset,1
2016,ZCBT2N,xthtaylor,1
2016,ZCBT2N,correlate,1
2016,F7JJDP,set,1
2016,F7JJDP,merge,1
2016,F7JJDP,order,1
2016,F7JJDP,sort,1
2016,F7JJDP,tsset,1
2016,F7JJDP,save,1
2016,F7JJDP,erase,1
2016,YGOOUR,use,1
2016,IEOZOA,clear,1
2016,IEOZOA,cd,1
2016,IEOZOA,import,1
2016,XZ53RA,set,1
2016,O4WC1N,xtset,1
2016,O4WC1N,tab1,1
2016,O4WC1N,factor,1
2016,O4WC1N,predict,1
2016,O4WC1N,lp_comparative,1
2016,O4WC1N,pcorr,1
2016,O4WC1N,matrix,1
2016,O4WC1N,svmat,1
2016,O4WC1N,keep,1
2016,O4WC1N,xpose,1
2016,O4WC1N,save,1
2016,O4WC1N,erase,1
2016,O4WC1N,tempvar,1
2016,O4WC1N,do,1
2016,O4WC1N,decode,1
2016,O4WC1N,estimates:clear,1
2016,O4WC1N,tempname,1
2016,O4WC1N,tempfile,1
2016,O4WC1N,postfile,1
2016,O4WC1N,postclose,1
2016,O4WC1N,tabstat,1
2016,DWJZIW,set,1
2016,DWJZIW,summarize,1
2016,XWQLRU,generate,1
2016,TX7N7L,clear,1
2016,TX7N7L,set,1
2016,TX7N7L,use,1
2016,TX7N7L,kdensity,1
2016,SAJCVL,use,1
2016,SAJCVL,svyset,1
2016,SAJCVL,svy:gsem,1
2016,CC2AU2,cd,1
2016,CC2AU2,use,1
2016,CC2AU2,logit,1
2016,CC2AU2,predict,1
2016,CC2AU2,display,1
2016,CC2AU2,estsimp,1
2016,CC2AU2,while,1
2016,CC2AU2,twoway,1
2016,CC2AU2,view,1
2016,CC2AU2,translate,1
2016,KY3WAE,bivariate,1
2016,KY3WAE,fiveivs,1
2016,BSSEDQ,relogit,1
2016,K2KW5C,regress,1
2016,TQYZ4O,use,1
2016,TQYZ4O,set,1
2016,TQYZ4O,sort,1
2016,TQYZ4O,mlogit,1
2016,TQYZ4O,sureg,1
2016,QRC2JN,set,1
2016,QRC2JN,coefplot,1
2016,QRC2JN,estsimp,1
2016,QRC2JN,drop,1
2016,QRC2JN,sutex,1
2016,QRC2JN,stset,1
2016,QRC2JN,stcox,1
2016,9D2NAC,set,1
2016,9D2NAC,save,1
2016,9D2NAC,append,1
2016,9D2NAC,alpha,1
2016,9D2NAC,rotate,1
2016,9D2NAC,correlate,1
2016,9D2NAC,codebook,1
2016,9D2NAC,mean,1
2016,GVNEI2,use,1
2016,GVNEI2,merge,1
2016,GVNEI2,destring,1
2016,GVNEI2,encode,1
2016,GVNEI2,mean,1
2016,GVNEI2,table,1
2016,GVNEI2,set,1
2016,GVNEI2,collin,1
2016,GVNEI2,estat,1
2016,GVNEI2,forvalues,1
2016,GVNEI2,estimates:res,1
2016,IQHZKB,import,1
2016,IQHZKB,reshape,1
2016,IQHZKB,destring,1
2016,IQHZKB,kountry,1
2016,IQHZKB,unset,1
2016,IQHZKB,xtset,1
2016,KAJNYY,cd,1
2016,KAJNYY,insheet,1
2016,KAJNYY,gllamm,1
2016,KAJNYY,matsize,1
2017,AZHTBT,foreach,1
2017,AZHTBT,saveold,1
2017,AZHTBT,svyset,1
2017,IYAX3D,global,1
2017,IYAX3D,set,1
2017,IYAX3D,encode,1
2017,IYAX3D,tabulate,1
2017,IYAX3D,shp2dta,1
2017,IYAX3D,des,1
2017,IYAX3D,clear,1
2017,8K9BBR,clear,1
2017,8K9BBR,set,1
2017,8K9BBR,ssc,1
2017,8K9BBR,cd,1
2017,8K9BBR,use,1
2017,8K9BBR,cibar,1
2017,8K9BBR,summarize,1
2017,8K9BBR,forvalues,1
2017,8K9BBR,recode,1
2017,8K9BBR,esttab,1
2017,WOHUFP,cd,1
2017,WOHUFP,use,1
2017,WOHUFP,sutex2,1
2017,6ZBJMW,cd,1
2017,6ZBJMW,version,1
2017,6ZBJMW,egen,1
2017,6ZBJMW,save,1
2017,6ZBJMW,margins,1
2017,6ZBJMW,marginsplot,1
2017,6ZBJMW,rd,1
2017,6ZBJMW,end,1
2017,6ZBJMW,set,1
2017,6ZBJMW,simulate,1
2017,6ZBJMW,histogram,1
2017,6ZBJMW,confirm,1
2017,6ZBJMW,ds,1
2017,YY2BVS,collapse,1
2017,YY2BVS,clear,1
2017,YY2BVS,tabulate,1
2017,YY2BVS,coefplot,1
2017,GYSP8I,cd,1
2017,GYSP8I,use,1
2017,GYSP8I,replace,1
2017,GYSP8I,correlate,1
2017,GYSP8I,hotelling,1
2017,GYSP8I,margins,1
2017,GYSP8I,marginsplot,1
2017,GYSP8I,graph,1
2017,GAUV14,use,1
2017,GAUV14,Appendix,1
2017,GAUV14,Table,1
2017,DZT7ZR,use,1
2017,DZT7ZR,version,1
2017,X5FLRX,factor,1
2017,X5FLRX,egen,1
2017,DTFRAR,ssc,1
2017,DTFRAR,replace,1
2017,DTFRAR,levelsof,1
2017,DTFRAR,foreach,1
2017,DTFRAR,twoway,1
2017,DTFRAR,keep,1
2017,DTFRAR,cd,1
2017,5EETZA,cem,1
2017,SDDXRT,summarize,1
2017,WMFPW7,global,1
2017,WMFPW7,sutex,1
2017,WMFPW7,saveold,1
2017,WMFPW7,outtex,1
2017,WMFPW7,tsset,1
2017,WMFPW7,corrtex,1
2017,FMZQMJ,set,1
2017,DCIWA5,set,1
2017,DCIWA5,use,1
2017,DCIWA5,regress,1
2017,DCIWA5,keep,1
2017,DCIWA5,tsset,1
2017,DCIWA5,local,1
2017,DCIWA5,foreach,1
2017,DCIWA5,graph,1
2017,DCIWA5,tabulate,1
2017,DCIWA5,sort,1
2017,DCIWA5,list,1
2017,FA6TOE,use,1
2017,FA6TOE,end,1
2017,GDILSM,cd,1
